:020000040800F2
:1000000000000220312600082924000831240008BD
:100010003924000841240008492400080000000099
:100020000000000000000000000000005124000853
:100030005F240008000000006D2400087D240008F3
:1000400081260008812600088126000881260008F4
:1000500081260008812600088126000881260008E4
:1000600081260008812600088126000881260008D4
:1000700081260008812600088126000881260008C4
:1000800081260008812600088126000881260008B4
:1000900081260008812600088126000881260008A4
:1000A0008126000881260008812600088126000894
:1000B0008126000881260008812600088126000884
:1000C0008126000881260008812600088126000874
:1000D0008126000881260008812600088126000864
:1000E0008126000881260008812600088126000854
:1000F0008126000881260008812600088126000844
:100100008126000881260008812600088126000833
:100110008126000881260008812600088126000823
:100120008126000881260008812600088126000813
:100130008126000881260008812600088126000803
:1001400081260008812600088126000881260008F3
:1001500081260008812600088126000881260008E3
:1001600081260008812600088126000881260008D3
:100170008126000881260008812600080000000072
:08018000812600088126000819
:1001900010B5054C237833B9044B13B10448AFF3C1
:1001A00000800123237010BDEC010020000000003E
:1001B00018AF000808B5034B1BB103490348AFF360
:1001C000008008BD00000000F001002018AF00080A
:1001D00001F0FF01102A2BDB10F0070F08D010F8F8
:1001E000013B013A8B422DD010F0070F42B3F6D1FC
:1001F000F0B441EA012141EA014122F007047FF015
:1002000000070023F0E80256083C85EA010586EA6B
:10021000010685FA47F5A3FA87F586FA47F6A5FAA7
:1002200087F68EB9EED1F0BC01F0FF0102F00702B3
:1002300032B110F8013B013A83EA010313B1F8D15E
:100240000020704701387047002D06BF354603383F
:10025000073815F0010F07D1013015F4807F02BF78
:10026000013015F4C03F0130F0BC0138704700BFC9
:10027000034613F8012B002AFBD1181A01387047E6
:1002800081F0004102E000BF83F0004330B54FEA47
:1002900041044FEA430594EA050F08BF90EA020FB4
:1002A0001FBF54EA000C55EA020C7FEA645C7FEA47
:1002B000655C00F0E2804FEA5454D4EB5555B8BF6A
:1002C0006D420CDD2C4480EA020281EA030382EADB
:1002D000000083EA010180EA020281EA0303362D6D
:1002E00088BF30BD11F0004F4FEA01314FF4801C40
:1002F0004CEA113102D0404261EB410113F0004F52
:100300004FEA03334CEA133302D0524263EB430308
:1003100094EA050F00F0A780A4F10104D5F1200EA6
:100320000DDB02FA0EFC22FA05F2801841F1000101
:1003300003FA0EF2801843FA05F359410EE0A5F1D5
:1003400020050EF1200E012A03FA0EFC28BF4CF006
:10035000020C43FA05F3C01851EBE37101F00045BC
:1003600007D54FF0000EDCF1000C7EEB00006EEBC9
:100370000101B1F5801F1BD3B1F5001F0CD3490853
:100380005FEA30004FEA3C0C04F101044FEA4452AA
:1003900012F5800F80F09A80BCF1004F08BF5FEA31
:1003A000500C50F1000041EB045141EA050130BD11
:1003B0005FEA4C0C404141EB0101013C28BFB1F523
:1003C000801FE9D291F0000F04BF01460020B1FA6E
:1003D00081F308BF2033A3F10B03B3F120020CDA41
:1003E0000C3208DD02F1140CC2F10C0201FA0CF01F
:1003F00021FA02F10CE002F11402D8BFC2F1200C84
:1004000001FA02F120FA0CFCDCBF41EA0C01904039
:10041000E41AA2BF01EB0451294330BD6FEA040482
:100420001F3C1CDA0C340EDC04F11404C4F120026D
:1004300020FA04F001FA02F340EA030021FA04F37F
:1004400045EA030130BDC4F10C04C4F1200220FAD6
:1004500002F001FA04F340EA0300294630BD21FA14
:1004600004F0294630BD94F0000F83F4801306BFDA
:1004700081F480110134013D4EE77FEA645C18BFCE
:100480007FEA655C29D094EA050F08BF90EA020F65
:1004900005D054EA000C04BF1946104630BD91EA5D
:1004A000030F1EBF0021002030BD5FEA545C05D160
:1004B0004000494128BF41F0004130BD14F580049F
:1004C0003CBF01F5801130BD01F0004545F0FE4113
:1004D00041F470014FF0000030BD7FEA645C1ABF48
:1004E000194610467FEA655C1CBF0B46024650EA7F
:1004F000013406BF52EA033591EA030F41F40021AB
:1005000030BD00BF90F0000F04BF0021704730B530
:100510004FF4806404F132044FF000054FF0000105
:1005200050E700BF90F0000F04BF0021704730B5C6
:100530004FF4806404F1320410F0004548BF40429B
:100540004FF000013EE700BF42004FEAE2014FEAF0
:1005500031014FEA02701FBF12F07F4393F07F4FCB
:1005600081F06051704732F07F4208BF704793F0CE
:100570007F4F04BF41F40021704730B54FF46074E1
:1005800001F0004521F000411CE700BF50EA0102E4
:1005900008BF704730B54FF000050AE050EA01028D
:1005A00008BF704730B511F0004502D5404261EBFD
:1005B00041014FF4806404F132045FEA915C3FF43E
:1005C000D8AE4FF003025FEADC0C18BF03325FEADB
:1005D000DC0C18BF033202EBDC02C2F1200300FA8C
:1005E00003FC20FA02F001FA03FE40EA0E0021FAB1
:1005F00002F11444BDE600BF70B54FF0FF0C4CF49F
:10060000E06C1CEA11541DBF1CEA135594EA0C0F50
:1006100095EA0C0F00F0DEF82C4481EA030621EA8B
:100620004C5123EA4C5350EA013518BF52EA0335C6
:1006300041F4801143F4801338D0A0FB02CE4FF078
:100640000005E1FB02E506F00042E0FB03E54FF0A8
:100650000006E1FB03569CF0000F18BF4EF0010EA0
:10066000A4F1FF04B6F5007F64F5407404D25FEA9C
:100670004E0E6D4146EB060642EAC62141EA55514F
:100680004FEAC52040EA5E504FEACE2EB4F1FD0C91
:1006900088BFBCF5E06F1ED8BEF1004F08BF5FEA0F
:1006A000500E50F1000041EB045170BD06F00046C1
:1006B00046EA010140EA020081EA0301B4EB5C046E
:1006C000C2BFD4EB0C0541EA045170BD41F4801166
:1006D0004FF0000E013C00F3AB8014F1360FDEBF8B
:1006E000002001F0004170BDC4F10004203C35DA67
:1006F0000C341BDC04F11404C4F1200500FA05F3EA
:1007000020FA04F001FA05F240EA020001F000428A
:1007100021F0004110EBD37021FA04F642EB060100
:100720005EEA430E08BF20EAD37070BDC4F10C042A
:10073000C4F1200500FA04F320FA05F001FA04F2EE
:1007400040EA020001F0004110EBD37041F10001DA
:100750005EEA430E08BF20EAD37070BDC4F12005E5
:1007600000FA05F24EEA020E20FA04F301FA05F24D
:1007700043EA020321FA04F001F0004121FA04F2F5
:1007800020EA020000EBD3705EEA430E08BF20EAC5
:10079000D37070BD94F0000F0FD101F000464000FF
:1007A00041EB010111F4801F08BF013CF7D041EA81
:1007B000060195F0000F18BF704703F00046520085
:1007C00043EB030313F4801F08BF013DF7D043EA56
:1007D0000603704794EA0C0F0CEA135518BF95EA0C
:1007E0000C0F0CD050EA410618BF52EA4306D1D193
:1007F00081EA030101F000414FF0000070BD50EAB2
:10080000410606BF1046194652EA430619D094EA3B
:100810000C0F02D150EA013613D195EA0C0F05D125
:1008200052EA03361CBF104619460AD181EA030179
:1008300001F0004141F0FE4141F470014FF0000031
:1008400070BD41F0FE4141F4780170BD70B54FF0CC
:10085000FF0C4CF4E06C1CEA11541DBF1CEA13554C
:1008600094EA0C0F95EA0C0F00F0A7F8A4EB05042E
:1008700081EA030E52EA03354FEA013100F0888025
:100880004FEA03334FF0805545EA131343EA1263EE
:100890004FEA022245EA111545EA10654FEA0026A3
:1008A0000EF000419D4208BF964244F1FD0404F55C
:1008B000407402D25B084FEA3202B61A65EB0305B8
:1008C0005B084FEA32024FF480104FF4002CB6EB75
:1008D000020E75EB030E22BFB61A754640EA0C00F5
:1008E0005B084FEA3202B6EB020E75EB030E22BF35
:1008F000B61A754640EA5C005B084FEA3202B6EB76
:10090000020E75EB030E22BFB61A754640EA9C0034
:100910005B084FEA3202B6EB020E75EB030E22BF04
:10092000B61A754640EADC0055EA060E18D04FEAC2
:10093000051545EA16754FEA06164FEAC30343EA62
:1009400052734FEAC2025FEA1C1CC0D111F4801F2F
:100950000BD141EA00014FF000004FF0004CB6E728
:1009600011F4801F04BF01430020B4F1FD0C88BFC7
:10097000BCF5E06F3FF6AFAEB5EB030C04BFB6EBD2
:10098000020C5FEA500C50F1000041EB045170BDC5
:100990000EF0004E4EEA113114EB5C04C2BFD4EBF2
:1009A0000C0541EA045170BD41F480114FF0000E76
:1009B000013C90E645EA060E8DE60CEA135594EAF2
:1009C0000C0F08BF95EA0C0F3FF43BAF94EA0C0FF5
:1009D0000AD150EA01347FF434AF95EA0C0F7FF46A
:1009E00025AF104619462CE795EA0C0F06D152EABE
:1009F00003353FF4FDAE1046194622E750EA4106A2
:100A000018BF52EA43067FF4C5AE50EA41047FF4B2
:100A10000DAF52EA43057FF4EBAE12E74FF0FF3C17
:100A200006E000BF4FF0010C02E000BF4FF0010CE8
:100A30004DF804CD4FEA410C7FEA6C5C4FEA430C61
:100A400018BF7FEA6C5C1BD001B050EA410C0CBFB0
:100A500052EA430C91EA030F02BF90EA020F002012
:100A6000704710F1000F91EA030F58BF994208BF79
:100A700090422CBFD8176FEAE37040F00100704736
:100A80004FEA410C7FEA6C5C02D150EA013C07D18D
:100A90004FEA430C7FEA6C5CD6D152EA033CD3D0D8
:100AA0005DF8040B704700BF8446104662468C46D2
:100AB0001946634600E000BF01B5FFF7B7FF002805
:100AC00048BF10F1000F01BD4DF808EDFFF7F4FF2E
:100AD0000CBF012000205DF808FB00BF4DF808EDB9
:100AE000FFF7EAFF34BF012000205DF808FB00BFDC
:100AF0004DF808EDFFF7E0FF94BF012000205DF8FE
:100B000008FB00BF4DF808EDFFF7CEFF94BF0120B2
:100B100000205DF808FB00BF4DF808EDFFF7C4FFAB
:100B200034BF012000205DF808FB00BF4FEA410CF4
:100B30007FEA6C5C02D150EA013C0AD14FEA430CD7
:100B40007FEA6C5C02D152EA033C02D14FF0000014
:100B500070474FF0010070474FEA410212F5001252
:100B600015D211D56FF47873B3EB625212D94FEAF4
:100B7000C12343F0004343EA505311F0004F23FADE
:100B800002F018BF404270474FF00000704750EA33
:100B9000013005D111F0004008BF6FF000407047F0
:100BA0004FF00000704700BF53B94AB9002908BF91
:100BB00000281CBF4FF0FF314FF0FF3000F06AB942
:100BC000ADF1080C6DE904CE00F006F8DDF804E0A4
:100BD000DDE9022304B070472DE9F047089D0C467B
:100BE000002B4ED194468C458646B2FA82F262D9E9
:100BF0004AB1C2F12003914020FA03F30CFA02FC3F
:100C0000194300FA02FE4FEA1C471FFA8CF6B1FBAB
:100C1000F7F44FEA1E4307FB141143EA014304FBB8
:100C200006F199420AD91CEB030304F1FF3080F06E
:100C30001281994240F20F81023C6344591A1FFA13
:100C40008EF3B1FBF7F007FB101143EA014300FB01
:100C500006F69E420AD91CEB030300F1FF3180F037
:100C6000FC809E4240F2F980634402389B1B40EABC
:100C7000044000211DB1D3400022C5E90032BDE887
:100C8000F0878B4205D90DB1C5E900010021084666
:100C9000F5E7B3FA83F1002946D1A34202D390428B
:100CA000C0F0F080861A64EB03030120002DE6D02B
:100CB000C5E90063E3E7002A40F09080A1EB0C0453
:100CC0004FEA1C481FFA8CF70121B4FBF8F64FEAF3
:100CD0001E4308FB164443EA044307FB06F0984210
:100CE00008D91CEB030306F1FF3402D2984200F24C
:100CF000CD8026461C1A1FFA8EF3B4FBF8F008FBD1
:100D0000104443EA044300FB07F79F4208D91CEB59
:100D1000030300F1FF3402D29F4200F2B08020466C
:100D2000DB1B40EA0640A5E7C1F120068B4022FA12
:100D300006F71F4320FA06FC04FA01F343EA0C030A
:100D4000F44000FA01F8380C4FEA1349B4FBF0FE06
:100D50001FFA87FC00FB1E4449EA04440EFB0CF911
:100D6000A14502FA01F20AD93C190EF1FF3A80F0CE
:100D70008480A14540F28180AEF1020E3C44A4EB98
:100D800009041FFA83F9B4FBF0F300FB134449EAAA
:100D9000044403FB0CFCA44507D93C1903F1FF30C4
:100DA00067D2A44565D9023B3C4443EA0E40A0FB10
:100DB0000293A4EB0C049C42CE469C4651D34ED0E9
:100DC00055B1B8EB0E0364EB0C0404FA06F6CB4005
:100DD0001E43CC40C5E90064002150E7C2F1200366
:100DE00020FA03F10CFA02FC24FA03F394400C43BA
:100DF0004FEA1C4800FA02FE1FFA8CF7B3FBF8F02A
:100E000008FB1031230C43EA014300FB07F1994230
:100E100008D91CEB030300F1FF362CD299422AD9E2
:100E2000023863445B1AA4B2B3FBF8F108FB113338
:100E300044EA034401FB07F3A34208D91CEB040472
:100E400001F1FF3613D2A34211D902396444E41AE6
:100E500041EA004139E70446F0E6084606E7C8459E
:100E6000AED2B9EB020E63EB070C0138A8E73146AE
:100E7000EDE7034699E73046D4E7D6467FE763447B
:100E800002384DE70646234608460FE7023E634414
:100E900030E700BF704700BF80B500AF00221021CF
:100EA000024802F01DF900BF80BD00BF00000240F3
:100EB00080B500AF01221021024802F011F900BFF5
:100EC00080BD00BF0000024080B582B000AF034685
:100ED000FB7100BF084B1B689B6803F00203022BE9
:100EE000F8D1F91D64230122034802F0CEFE00BFB1
:100EF0000837BD4680BD00BF5412002080B582B0C7
:100F000000AF78600B467B8000BF084B1B689B6876
:100F100003F00203022BF8D17A886423796803482E
:100F200002F0B3FE00BF0837BD4680BD541200205A
:100F300080B584B002AFFF23FB7100BF094B1B6873
:100F40009B6803F00203022BF8D1BA1DF91D64233C
:100F500000930123034802F0DCFFBB7918460837F1
:100F6000BD4680BD5412002080B582B000AF7860CD
:100F7000FFF7DEFF03461A467B681A7000BF08378A
:100F8000BD4680BD80B582B000AF0A4B4FF4FA7207
:100F90001A80FFF7CDFF0346FB71FB79FF2B03D0CF
:100FA000044B1B88002BF4D1FB7918460837BD464B
:100FB00080BD00BF0A02002080B584B000AF41F6BA
:100FC000FF73FB60FFF774FF0023BB6005E0FF20A9
:100FD000FFF77AFFBB680133BB60BB68092BF6DD06
:100FE000FFF75AFF40233B7000237B700023BB7048
:100FF0000023FB7000233B7195237B713B46062148
:101000001846FFF77BFF02E0FB68013BFB60FFF740
:101010008FFF0346012B02D0FB68002BF4D1FFF7B2
:1010200047FFFF20FFF750FF034B01221A7000BF5C
:101030001037BD4680BD00BF0D02002080B400AF58
:10104000034B00221A7000BFBD465DF8047B704759
:101050000D02002080B400AF034B1B781846BD463C
:101060005DF8047B704700BF0D02002080B584B09E
:1010700000AF78603960134BC8221A80FFF758FF21
:101080000346FB73FB7BFF2B03D10E4B1B88002B0E
:10109000F4D1FB7BFE2B01D000230FE07B685A1CB0
:1010A0007A601846FFF760FF3B685A1E3A60002BD3
:1010B000F4D1FFF73DFFFFF73BFF01231846103740
:1010C000BD4680BD0802002080B584B000AF7860C6
:1010D0000B46FB700023BB73FFF754FF0346FF2B47
:1010E00001D000232FE0FB781846FFF7EDFEFB78D8
:1010F000FD2B20D04FF400717868FFF7FFFEFFF75B
:1011000017FFFFF715FF0BE0FFF712FF0346FB7316
:10111000FB7B03F01F03052B06D0BB7B0133BB73A6
:10112000BB7B402BF0D900E000BF00BFFFF700FF02
:101130000346002BFAD0FB7B03F01F03052B01D1E4
:10114000012300E0002318461037BD4680BD80B55E
:1011500084B000AF03463960FB71FFF713FF03460D
:10116000FF2B01D0FF2342E0FB791846FFF7ACFECE
:101170003B681B0EDBB21846FFF7A6FE3B681B0C54
:10118000DBB21846FFF7A0FE3B681B0ADBB218462D
:10119000FFF79AFE3B68DBB21846FFF795FEFB7936
:1011A000402B02D19523FB7307E0FB79482B02D13A
:1011B0008723FB7301E00123FB73FB7B1846FFF7DA
:1011C00083FEFB794C2B01D1FFF7B2FE0A23BB73E0
:1011D000FFF7AEFE03467B7397F90D30002B05DA5F
:1011E000BB7B013BBB73BB7B002BF1D17B7B1846E8
:1011F0001037BD4680BD000090B585B000AF0346F6
:10120000FB71FB79002B01D00123D1E06A4B1B78E5
:10121000DBB203F00203002B03D0674B1B78DBB279
:10122000C6E0FFF7C9FEFFF737FE0023BB730021BE
:101230004020FFF78CFF0346012B40F0A1805F4B5D
:101240004FF47A721A804FF4D5714820FFF77FFF70
:101250000346012B55D10023FB730CE0FC7BFFF709
:1012600067FE03461A4604F110033B4403F8082CBA
:10127000FB7B0133FB73FB7B032BEFD9BB7A012B89
:101280007ED1FB7AAA2B7BD100217720FFF75FFF6D
:101290000346012B07D84FF080416920FFF757FF25
:1012A0000346002B04D0454B1B88002BECD100E0FB
:1012B00000BF424B1B88002B62D000217A20FFF731
:1012C00046FF0346002B5BD10023FB730CE0FC7B45
:1012D000FFF72EFE03461A4604F110033B4403F8C1
:1012E000082CFB7B0133FB73FB7B032BEFD93B7A91
:1012F00003F04003002B01D00C2300E00423BB7358
:101300003EE000217720FFF722FF0346012B08D89B
:1013100000216920FFF71BFF0346012B01D80223A0
:1013200000E00123BB73BB7B022B0ED10021772091
:10133000FFF70DFF0346012B0ED800216920FFF7B0
:1013400006FF0346002B07D10CE000214120FFF7E8
:10135000FEFE0346002B04D0184B1B88002BE2D165
:1013600000E000BF154B1B88002B07D04FF4007125
:101370005020FFF7ECFE0346002B01D00023BB7387
:101380000F4ABB7B1370FFF793FDFFF7D1FDBB7BCB
:10139000002B08D0084B1B78DBB223F00103DAB234
:1013A000054B1A7001E0FFF749FE034B1B78DBB2D7
:1013B00018461437BD4690BD0000002008020020EA
:1013C0000C02002080B483B000AF0346FB71FB79B0
:1013D000002B01D0012302E0044B1B78DBB218463E
:1013E0000C37BD465DF8047B704700BF000000204D
:1013F00080B584B000AFB9607A603B600346FB7390
:10140000FB7B002B02D13B68002B01D1042351E070
:101410002A4B1B78DBB203F00103002B01D003231E
:1014200048E0274B1B7803F00403002B02D17B68B4
:101430005B027B60FFF730FD3B68012B11D17968BF
:101440005120FFF784FE0346002B29D14FF4007191
:10145000B868FFF70BFE0346002B21D000233B604A
:101460001EE079685220FFF772FE0346002B17D169
:101470004FF40071B868FFF7F9FD0346002B0AD05E
:10148000BB6803F50073BB603B68013B3B603B6896
:10149000002BEDD100E000BF00214C20FFF757FEEC
:1014A000FFF706FDFFF744FD3B68002B14BF012347
:1014B0000023DBB218461037BD4680BD0000002077
:1014C0000C02002080B584B000AFB9607A603B6048
:1014D0000346FB73FB7B002B02D13B68002B01D141
:1014E00004236BE0374B1B78DBB203F00103002BC6
:1014F00001D0032362E0334B1B78DBB203F004031B
:10150000002B01D0022359E02F4B1B7803F004037A
:10151000002B02D17B685B027B60FFF7BDFC3B6860
:10152000012B10D179685820FFF711FE0346002BDC
:101530003AD1FE21B868FFF7C7FD0346002B33D030
:1015400000233B6030E0204B1B7803F00203002BAC
:1015500007D000217720FFF7FAFD39685720FFF701
:10156000F6FD79685920FFF7F2FD0346002B1BD1E9
:10157000FC21B868FFF7A8FD0346002B0AD0BB6822
:1015800003F50073BB603B68013B3B603B68002B8D
:10159000EED100E000BFFD210020FFF795FD0346DE
:1015A000002B01D101233B60FFF782FCFFF7C0FC59
:1015B0003B68002B14BF01230023DBB21846103711
:1015C000BD4680BD000000200C02002090B58BB00D
:1015D00000AF03463A60FB710B46BB713B683B6250
:1015E000FB79002B01D0042313E1012387F8273076
:1015F000BB79052B24D13B6A1B78022B12D0022B1E
:101600001ADC002B02D0012B06D015E0FFF716FDE7
:10161000002387F82730FAE0FFF7CEFC002387F895
:101620002730F4E03B6A5C1CFFF714FD034623708F
:10163000002387F82730EAE0042387F82730E6E024
:10164000764B1B78DBB203F00103002B01D00323A0
:10165000DFE0FFF721FCBB790D2B00F2C98001A26E
:1016600052F823F05B1700089D1600084B1700087E
:10167000F1170008F1170008F1170008F11700082A
:10168000F1170008F1170008F1170008F11700081A
:101690006D17000891170008B517000800214920B0
:1016A000FFF755FD0346002B40F0A68007F10C0321
:1016B00010211846FFF7DAFC0346002B00F09C804F
:1016C0003B7B9B09DBB2012B0DD17B7D1A463B7D19
:1016D0001B029BB213449BB20133FB83FB8B9A0228
:1016E0003B681A602DE07B7C03F00F03DAB2BB7D10
:1016F000DB09DBB21344DAB27B7D5B00DBB203F0C3
:101700000603DBB21344DBB2023387F826303B7D9D
:101710009B09DBB21A46FB7C9B009BB213449AB236
:10172000BB7C9B029BB203F440639BB213449BB20D
:101730000133FB83FA8B97F82630093B9A403B68CC
:101740001A60002387F8273056E03B684FF4007298
:101750001A80002387F8273055E0FFF713FC034673
:10176000FF2B4BD1002387F8273047E00021492089
:10177000FFF7EDFC0346002B42D11021386AFFF73A
:1017800075FC0346002B3BD0002387F8273037E059
:1017900000214A20FFF7DBFC0346002B32D1102149
:1017A000386AFFF763FC0346002B2BD0002387F831
:1017B000273027E000217A20FFF7C9FC0346002BE1
:1017C00016D1002387F826300BE03C6A631C3B628D
:1017D000FFF7AEFB0346237097F82630013387F8F6
:1017E000263097F82630032BEFD9002387F82730CF
:1017F000042387F8273006E000BF04E000BF02E0C2
:1018000000BF00E000BFFFF753FBFFF791FB97F825
:10181000273018462C37BD4690BD00BF0000002081
:1018200080B58AB000AF786039607B681B783A2B4E
:1018300002D04FF0FF338FE0786800F095F8034650
:10184000002B02D16FF0010386E00023FB617B686F
:10185000013307F11C024249184606F073FD0023CC
:101860007B837B68033307F11A023E49184606F072
:1018700069FD00237B617B68073307F11402384957
:10188000184606F05FFD7B69052B63D801A252F86C
:1018900023F000BFAD180008011900085519000811
:1018A0005519000805190008511900087B8B1A46C4
:1018B0003B681A60FB691A463B68C3F804210023A1
:1018C0007B6217E000233B617B6A5B0009337A6827
:1018D000134407F110022249184606F033FD3B6914
:1018E000D9B23A687B6A134404330A461A707B6A99
:1018F00001337B62FB697A6A9A42E3DB00232BE0C7
:10190000012329E0FB691A463B68C3F80421002340
:101910003B6217E00023FB603B6A5B0009337A6897
:10192000134407F10C020E49184606F00BFDFB6844
:10193000D9B23A683B6A134404330A461A703B6AC8
:1019400001333B62FB693A6A9A42E3DB022303E01C
:10195000032301E06FF0020318462837BD4680BD1F
:1019600030AF000834AF000880B586B000AF7860B3
:101970007868FEF77DFC0346FB600023FB750123BE
:101980003B6112E00023BB603B697A68134407F1B6
:1019900008020D49184606F0D5FCBB68DAB2FB7D9B
:1019A0001344FB753B6902333B61FB68023B3A69B8
:1019B0009A42E7DBFB7D002B0CBF01230023DBB247
:1019C00018461837BD4680BD30AF000880B500AF5F
:1019D00001F028F8044B1B780221184601F084F925
:1019E00001F042F800BF80BD1402002080B483B033
:1019F00000AF03463960FB71054AFB791370054A55
:101A00003B68136000BF0C37BD465DF8047B704730
:101A100014020020100200202DE9B04F88B000AF62
:101A2000F860B9607A60FB70364B1B68FA68134443
:101A3000FB6100F0F7FFFB78022B3FD0022B59DC53
:101A4000002B02D0012B1CD054E00023BB6113E01B
:101A5000BA68BB6913441B78DBB200229A469346EE
:101A600052465B46F969002000F088FFFB690133AC
:101A7000FB61BB690133BB61BA697B689A42E7D3FA
:101A800038E000237B6114E07B695B00BA68134493
:101A90001B889BB200229846914642464B46F96904
:101AA000012000F06BFFFB690233FB617B690133AE
:101AB0007B617A697B689A42E6D31BE000233B6135
:101AC00013E03B699B00BA6813441B6800221C4664
:101AD000154622462B46F969022000F04FFFFB69AC
:101AE0000433FB613B6901333B613A697B689A428D
:101AF000E7D300BF00F0B8FF00BF2037BD46BDE808
:101B0000B08F00BF1002002080B5ADF5307D00AF72
:101B1000AA4800F0BDF903461A46A94B1A70A84B13
:101B20001B78002B03D0A74806F0E4FB02E0A64890
:101B300006F0E0FB0123A7F8BE320023C7F8B83255
:101B4000022387F8B7320023C7F8B0320023C7F862
:101B5000A432002387F8AF32B7F8BE3207F5EA7136
:101B6000C822184600F0B0F9B7F8BE3219469748B7
:101B700006F050FB3A1D07F5EA7311461846FFF7C9
:101B80004FFE034687F8A33297F9A332002B7CD18E
:101B900007F53073A3F52F73D3F804213B1D0433ED
:101BA00019468B4800F056FA07F53073A3F52F73EA
:101BB0001B681946874806F02DFB07F53073A3F51F
:101BC0002F731B68D7F8B8221343C7F89C32D7F895
:101BD0009C12814806F01EFB97F8AF32002B3AD0DA
:101BE000D7F89C327D4A934202D1022387F8B7325C
:101BF000D7F89C327A4A934202D1032387F8B7324E
:101C0000D7F89C32774A934202D1042387F8B7323F
:101C1000D7F89C32744A934202D1052387F8B73231
:101C200097F8B7321946714806F0F4FAD7F89C32A3
:101C3000C7F8B032D7F8B012674806F0EBFA97F859
:101C4000B732D7F8B0121846FFF7D0FEFFF7BEFE46
:101C5000002387F8AF32D7F89C22D7F8B032D31AD6
:101C6000C7F8A432D7F8A412614806F0D3FA07F5F2
:101C70003073A3F52F73D3F804213B1D191D0023E6
:101C8000D7F8A402FFF7C8FE86E097F9A332022B2B
:101C900034D10023C7F8A83218E007F53073A3F554
:101CA0002F72D7F8A832134404331B781A46D7F89A
:101CB000B8321343C7F8B832D7F8B8321B02C7F8A6
:101CC000B832D7F8A8320133C7F8A83207F5307315
:101CD000A3F52F73D3F80421D7F8A8329A42DCD8A1
:101CE000D7F8B8321B02C7F8B832012387F8AF32F1
:101CF000D7F8B8123F4806F08DFA4DE097F9A332B5
:101D0000012B0ED13C4806F0F5FA00BF00F0D0F8E8
:101D100003461A462A4B1A70294B1B78002B45D0D4
:101D200040E097F9A332B3F1FF3F0ED1B7F8BE22DE
:101D300097F9A33207F58670304906F0E3FA07F504
:101D40008673184606F066FA26E097F9A33213F177
:101D5000020F0ED1B7F8BE2297F9A33207F58670AD
:101D6000264906F0CFFA07F58673184606F052FAB0
:101D700012E097F9A33213F1030F0DD1B7F8BE2289
:101D800097F9A33207F586701C4906F0BBFA07F5F0
:101D90008673184606F03EFAB7F8BE320133A7F84C
:101DA000BE32D9E6164806F0A5FA02E0154806F05C
:101DB000A1FA00BF07F53077BD4680BD18020020AC
:101DC000501200203CAF00085CAF00087CAF000858
:101DD0008CAF000894AF0008ACAF0008008000088A
:101DE00000C000080000010800000208BCAF0008A5
:101DF000D4AF0008ECAF000804B000081CB0000825
:101E000050B0000874B0000880B586B000AF72B65C
:101E100000BF1A4B00221A6001F0E0FD0023FB75A1
:101E200010E0174AFB7D20334FF0FF3142F82310BA
:101E3000134AFB7D60334FF0FF3142F82310FB7DE6
:101E40000133FB75FB7D032BEBD962B600BF0D4B55
:101E50001B683B613B697B607B6883F3088800BF3C
:101E6000094B084A9A60094B1B68FB60FB68BB6022
:101E7000BB68984700BF1837BD4680BD10E000E042
:101E800000E100E000C0000800ED00E004C0000830
:101E900080B582B000AF786001220449786804F010
:101EA00005FD034618460837BD4680BD98B00008BA
:101EB00080B500AF00220349002004F0F7FC034680
:101EC000184680BD98B0000880B5ADF5825D82B03F
:101ED00000AF07F1480343F83C0C07F1480343F80F
:101EE000401C07F1480343F8442C07F1480353F81A
:101EF0003C3C002B01D100235DE0002307F582521A
:101F000002F10402136007F12803183B01222D4956
:101F1000184604F011FD034607F5825202F1030250
:101F2000137007F12803183B0021184605F0D3F879
:101F300007F5825303F103031B78002B22D02248BC
:101F400006F0D8F9002336E007F5825303F10403C5
:101F50001B68013307F5825202F10402136007F196
:101F6000480307F5825202F10402126853F83C3C20
:101F70009A4207D107F12803183B184605F081F86B
:101F8000012318E007F1480353F8441C07F1280324
:101F9000183B07F1480210461A4650F8400C05F06D
:101FA000BEFA0346002BCFD107F12803183B184691
:101FB00005F067F80023184607F582570837BD4635
:101FC00080BD00BF9CB00008E8B0000880B483B0BA
:101FD00000AF78604FF06043D3F8803E03F0010318
:101FE000002B13D04FF06043D3F8003E03F0010301
:101FF000002B0BD000E000BF4FF060431B68002BAC
:10200000F9D04FF060437A68D2B21A707B681846F4
:102010000C37BD465DF8047B704780B586B000AFD5
:10202000F860B9607A6000237B6109E0BB685A1CE4
:10203000BA601B781846FFF7C9FF7B6901337B61E3
:102040007A697B689A42F1DB7B6818461837BD468F
:1020500080BD000080B586B000AFF860B9607A60DE
:10206000F9680E4806F0D6F800237B610AE0BA68EA
:102070007B6913441B781946094806F0CBF87B6945
:1020800001337B617A697B689A42F0D30A2006F0BB
:10209000D3F800BF1837BD4680BD00BF24B100088B
:1020A0002CB1000880B500AF00F0ECFA00F024F885
:1020B00000F0C2F800F08AF802F0B0F90B4806F020
:1020C00019F94FF47A7000F04FFB0121084800F035
:1020D000EFFF0346002B01D0FFF716FD054806F081
:1020E00009F9FFF791FE00BFFDE700BF34B100081A
:1020F0000000024044B1000880B594B000AF07F181
:10210000200330220021184606F020FA07F10C03C4
:1021100000221A605A609A60DA601A610023BB607C
:10212000284B1B6C274A43F080531364254B1B6CD0
:1021300003F08053BB60BB6800237B60224B1B68AD
:10214000214A43F4804313601F4B1B6803F4804310
:102150007B607B6801233B624FF480337B62022308
:10216000BB634FF48003FB6308233B644FF4A87305
:102170007B640223BB640723FB6407F1200318463A
:1021800000F0C8FF0346002B01D000F0D7F80F2362
:10219000FB6002233B6100237B614FF4A053BB61D2
:1021A0004FF48053FB6107F10C030521184601F041
:1021B00029FA0346002B01D000F0C0F800BF5037C9
:1021C000BD4680BD003802400070004080B500AFC1
:1021D000174B184A1A60164B4FF482725A60144B10
:1021E00000229A60124B0022DA60114B00221A6121
:1021F0000F4B00225A610E4B4FF400729A610C4B48
:102200002022DA610A4B00221A62094B00225A622C
:10221000074B00229A62064B0A22DA62044801F058
:10222000ABFC0346002B01D000F088F800BF80BD56
:10223000541200200030014080B58AB000AF07F191
:10224000140300221A605A609A60DA601A6100234F
:102250003B61374B1B6B364A43F080031363344BAF
:102260001B6B03F080033B613B690023FB60304B39
:102270001B6B2F4A43F0010313632D4B1B6B03F0C1
:102280000103FB60FB680023BB60294B1B6B284AE2
:1022900043F008031363264B1B6B03F00803BB607A
:1022A000BB6800237B60224B1B6B214A43F0020377
:1022B00013631F4B1B6B03F002037B607B680022E0
:1022C00010211C4800F00CFF00224FF400411A4876
:1022D00000F006FF01237B610023BB610023FB614B
:1022E00007F114031946134800F046FD10237B61E3
:1022F0000123BB610023FB6100233B6207F1140350
:1023000019460C4800F038FD4FF400437B6101236F
:10231000BB610023FB6100233B6207F114031946F4
:10232000054800F029FD00BF2837BD4680BD00BF2D
:102330000038024000000240000C024080B400AFB0
:1023400072B600BF00BFFDE780B582B000AF0023CA
:102350007B60104B5B6C0F4A43F4804353640D4B1E
:102360005B6C03F480437B607B6800233B60094B1C
:102370001B6C084A43F080531364064B1B6C03F03C
:1023800080533B603B68072000F0C4FA00BF083769
:10239000BD4680BD0038024080B58AB000AF78608D
:1023A00007F1140300221A605A609A60DA601A6119
:1023B0007B681B68194A93422BD100233B61184B61
:1023C0005B6C174A43F480535364154B5B6C03F406
:1023D00080533B613B690023FB60114B1B6B104A30
:1023E00043F0010313630E4B1B6B03F00103FB600F
:1023F000FB68E0237B610223BB610023FB610323B5
:102400003B6205237B6207F114031946054800F07F
:10241000B3FC00BF2837BD4680BD00BF003001407F
:10242000003802400000024080B400AF00BFFDE76A
:1024300080B400AF00BFFDE780B400AF00BFFDE790
:1024400080B400AF00BFFDE780B400AF00BFFDE780
:1024500080B400AF00BFBD465DF8047B704780B418
:1024600000AF00BFBD465DF8047B704780B400AF8D
:1024700000BFBD465DF8047B7047000080B500AF2B
:102480000B4B1B88002B05D0094B1B88013B9AB2D4
:10249000074B1A80074B1B88002B05D0054B1B8868
:1024A000013B9AB2034B1A8000F03EF900BF80BD99
:1024B000080200200A02002080B400AF0123184661
:1024C000BD465DF8047B704780B582B000AF786090
:1024D000396006F08DF8034616221A604FF0FF337C
:1024E00018460837BD4680BD80B582B000AF786021
:1024F0004FF0FF317868FFF7E7FF00BFFDE780B5D9
:1025000086B000AFF860B9607A6000237B610AE0B2
:10251000AFF300800146BB685A1CBA60CAB21A7099
:102520007B6901337B617A697B689A42F0DB7B6867
:1025300018461837BD4680BD80B483B000AF7860C0
:102540004FF0FF3318460C37BD465DF8047B7047EB
:1025500080B483B000AF786039603B684FF40052BC
:102560005A60002318460C37BD465DF8047B70475F
:1025700080B483B000AF7860012318460C37BD46A5
:102580005DF8047B704780B485B000AFF860B96037
:102590007A60002318461437BD465DF8047B704707
:1025A00080B586B000AF7860144A154BD31A7B61B2
:1025B0007B693B61134B1B68002B02D1114B124A04
:1025C0001A60104B1A687B6813443A699A4207D222
:1025D00006F00EF803460C221A604FF0FF3309E0B4
:1025E000084B1B68FB60074B1A687B681344054A5D
:1025F0001360FB6818461837BD4680BD00000220F6
:1026000000040000AC1200206016002080B400AF6F
:10261000064BD3F88830054A43F47003C2F888307B
:1026200000BFBD465DF8047B704700BF00ED00E0D1
:10263000DFF834D0FFF7EAFF0C480D490D4A0023BC
:1026400002E0D458C4500433C4188C42F9D30A4A67
:102650000A4C002301E013600432A242FBD305F0D0
:10266000CDFFFFF71FFD7047000002200000002093
:10267000EC01002094B90008EC0100205C16002059
:10268000FEE7000080B500AF0E4B1B680D4A43F417
:10269000007313600B4B1B680A4A43F4806313609A
:1026A000084B1B68074A43F480731360032000F053
:1026B00031F9002000F008F8FFF746FE0023184625
:1026C00080BD00BF003C024080B582B000AF7860A2
:1026D000124B1A68124B1B7819464FF47A73B3FBEE
:1026E000F1F3B2FBF3F3184600F03BF90346002B7D
:1026F00001D001230EE07B680F2B0AD800227968F5
:102700004FF0FF3000F011F9064A7B681360002398
:1027100000E0012318460837BD4680BD04000020B4
:102720000C0000200800002080B400AF064B1B788E
:102730001A46064B1B681344044A136000BFBD468B
:102740005DF8047B704700BF0C000020B012002031
:1027500080B400AF034B1B681846BD465DF8047B90
:10276000704700BFB012002080B584B000AF786021
:10277000FFF7EEFFB8607B68FB60FB68B3F1FF3FDB
:1027800005D00A4B1B781A46FB681344FB6000BF58
:10279000FFF7DEFF0246BB68D31AFA689A42F7D801
:1027A00000BF00BF1037BD4680BD00BF0C00002039
:1027B00080B485B000AF78607B6803F00703FB60EE
:1027C0000C4BDB68BB60BA684FF6FF031340BB607D
:1027D000FB681A02BB68134343F0BF6343F4003342
:1027E000BB60044ABB68D36000BF1437BD465DF8C8
:1027F000047B704700ED00E080B400AF044BDB6861
:102800001B0A03F007031846BD465DF8047B7047BA
:1028100000ED00E080B483B000AF03463960FB7187
:1028200097F90730002B0ADB3B68DAB20C4997F9BD
:1028300007301201D2B20B4483F800230AE03B6850
:10284000DAB20849FB7903F00F03043B1201D2B25C
:102850000B441A7600BF0C37BD465DF8047B704709
:1028600000E100E000ED00E080B489B000AFF86066
:10287000B9607A60FB6803F00703FB61FB69C3F191
:102880000703042B28BF0423BB61FB690433062B19
:1028900002D9FB69033B00E000237B614FF0FF326C
:1028A000BB6902FA03F3DA43BB681A407B699A40BA
:1028B0004FF0FF317B6901FA03F3D9437B680B408A
:1028C000134318462437BD465DF8047B704700006B
:1028D00080B582B000AF78607B68013BB3F1807F48
:1028E00001D301230FE00A4A7B68013B53600F21AB
:1028F0004FF0FF30FFF78EFF054B00229A60044B2C
:1029000007221A60002318460837BD4680BD00BF65
:1029100010E000E080B582B000AF78607868FFF723
:1029200047FF00BF0837BD4680BD80B586B000AF09
:102930000346B9607A60FB7300237B61FFF75CFF9D
:1029400078617A68B9687869FFF78EFF024697F96F
:102950000F3011461846FFF75DFF00BF1837BD4620
:1029600080BD80B582B000AF78607868FFF7B0FFB7
:10297000034618460837BD4680BD000080B586B0C6
:1029800000AFF860B960C7E900230123FB75234B52
:102990001B7E012B01D102233BE0204B01221A7642
:1029A0004CF2503000F070F80346FB75FB7D002BB5
:1029B0002BD1FB68002B05D13B781946B86800F095
:1029C0001BF916E0FB68012B05D13B881946B86856
:1029D00000F0EEF80DE0FB68022B05D13B681946CC
:1029E000B86800F0C3F804E0D7E90023B86800F045
:1029F0008BF84CF2503000F047F80346FB75084B5B
:102A00001B69074A23F001031361044B00221A7665
:102A1000FB7D18461837BD4680BD00BFB4120020AC
:102A2000003C024080B483B000AF0023FB710B4B2D
:102A30001B69002B0BDA094B094A5A60074B094AFC
:102A40005A60064B1B69002B01DA0123FB71FB79ED
:102A500018460C37BD465DF8047B7047003C0240C9
:102A600023016745AB89EFCD80B400AF054B1B69EF
:102A7000044A43F00043136100231846BD465DF845
:102A8000047B7047003C024080B584B000AF7860A2
:102A90000023FB601A4B0022DA61FFF759FEF86051
:102AA00010E07B68B3F1FF3F0CD07B68002B07D0B0
:102AB000FFF74EFE0246FB68D31A7A689A4201D2AB
:102AC000032319E00F4BDB6803F48033002BE8D1BC
:102AD0000C4BDB6803F00103002B02D0094B0122F1
:102AE000DA60084BDB6803F0F203002B03D000F040
:102AF000A5F8012300E0002318461037BD4680BD2D
:102B0000B4120020003C024080B485B000AFF860F1
:102B1000C7E90023144B1B69134A23F44073136164
:102B2000114B1B69104A43F4407313610E4B1B6930
:102B30000D4A43F001031361FB683A681A60BFF362
:102B40006F8F00BFD7E900014FF000024FF0000384
:102B50000A000023F968043113460B6000BF1437E4
:102B6000BD465DF8047B7047003C024080B483B0F2
:102B700000AF786039600D4B1B690C4A23F4407339
:102B800013610A4B1B69094A43F400731361074B35
:102B90001B69064A43F0010313617B683A681A60B7
:102BA00000BF0C37BD465DF8047B7047003C024017
:102BB00080B483B000AF78600B467B800D4B1B69FF
:102BC0000C4A23F4407313610A4B1B69094A43F40E
:102BD00080731361074B1B69064A43F001031361BD
:102BE0007B687A881A8000BF0C37BD465DF8047B8D
:102BF000704700BF003C024080B483B000AF7860F3
:102C00000B46FB700C4B1B690B4A23F4407313619A
:102C1000094B094A1B691361074B1B69064A43F0BC
:102C2000010313617B68FA781A7000BF0C37BD4648
:102C30005DF8047B704700BF003C024080B400AFE9
:102C4000274BDB6803F01003002B08D0254BDB6912
:102C500043F01003234AD361214B1022DA60204B4A
:102C6000DB6803F02003002B08D01E4BDB6943F028
:102C700008031C4AD3611A4B2022DA60184BDB6828
:102C800003F04003002B08D0164BDB6943F004032C
:102C9000144AD361124B4022DA60114BDB6803F017
:102CA0008003002B08D00F4BDB6943F002030D4A71
:102CB000D3610B4B8022DA60094BDB6803F002031F
:102CC000002B08D0074BDB6943F02003054AD36192
:102CD000034B0222DA6000BFBD465DF8047B7047FB
:102CE000003C0240B412002080B485B000AF786090
:102CF0000B46FB700023FB60FB78002B02D1002306
:102D0000FB6010E0FB78012B03D14FF48073FB6074
:102D100009E0FB78022B03D14FF40073FB6002E063
:102D20004FF44073FB60134B1B69124A23F440734A
:102D30001361104B1A690F49FB6813430B610D4B6C
:102D40001B690C4A23F0F80313610A4B1A697B686C
:102D5000DB001343074A43F002031361054B1B6971
:102D6000044A43F48033136100BF1437BD465DF855
:102D7000047B7047003C024080B489B000AF7860AB
:102D8000396000237B6100233B610023BB6100238A
:102D9000FB616BE10122FB6902FA03F37B613B6893
:102DA0001B687A6913403B613A697B699A4240F03B
:102DB0005A813B685B6803F00303012B05D03B6835
:102DC0005B6803F00303022B30D17B689B68BB6117
:102DD000FB695B00032202FA03F3DB43BA69134089
:102DE000BB613B68DA68FB695B0002FA03F3BA690E
:102DF0001343BB617B68BA699A607B685B68BB619F
:102E00000122FB6902FA03F3DB43BA691340BB6199
:102E10003B685B681B0903F00102FB6902FA03F3DC
:102E2000BA691343BB617B68BA695A603B685B68E7
:102E300003F00303032B17D07B68DB68BB61FB69DE
:102E40005B00032202FA03F3DB43BA691340BB6160
:102E50003B689A68FB695B0002FA03F3BA691343A3
:102E6000BB617B68BA69DA603B685B6803F00303A7
:102E7000022B23D1FB69DA087B68083253F8223031
:102E8000BB61FB6903F007039B000F2202FA03F307
:102E9000DB43BA691340BB613B681A69FB6903F005
:102EA00007039B0002FA03F3BA691343BB61FB6992
:102EB000DA087B680832B96943F822107B681B681E
:102EC000BB61FB695B00032202FA03F3DB43BA69CF
:102ED0001340BB613B685B6803F00302FB695B0066
:102EE00002FA03F3BA691343BB617B68BA691A60DB
:102EF0003B685B6803F44033002B00F0B480002390
:102F0000FB60604B5B6C5F4A43F4804353645D4BF2
:102F10005B6C03F48043FB60FB685B4AFB699B08C6
:102F2000023352F82330BB61FB6903F003039B00BB
:102F30000F2202FA03F3DB43BA691340BB617B68DB
:102F4000524A93422BD07B68514A934225D07B68EA
:102F5000504A93421FD07B684F4A934219D07B68F6
:102F60004E4A934213D07B684D4A93420DD07B6802
:102F70004C4A934207D07B684B4A934201D10723C6
:102F80000EE008230CE006230AE0052308E00423F2
:102F900006E0032304E0022302E0012300E0002313
:102FA000FA6902F0030292009340BA691343BB61CD
:102FB0003549FB699B080233BA6941F823203B4B32
:102FC0009B68BB613B69DB43BA691340BB613B68EB
:102FD0005B6803F48013002B03D0BA693B69134389
:102FE000BB61324ABB699360304BDB68BB613B69B4
:102FF000DB43BA691340BB613B685B6803F40013B1
:10300000002B03D0BA693B691343BB61274ABB69F4
:10301000D360264B5B68BB613B69DB43BA691340F5
:10302000BB613B685B6803F40033002B03D0BA69D3
:103030003B691343BB611D4ABB6953601B4B1B6853
:10304000BB613B69DB43BA691340BB613B685B68AA
:1030500003F48033002B03D0BA693B691343BB618F
:10306000124ABB691360FB690133FB61FB690F2BDB
:103070007FF690AE00BF00BF2437BD465DF8047BED
:10308000704700BF00380240003801400000024095
:103090000004024000080240000C02400010024000
:1030A0000014024000180240001C0240003C014095
:1030B00080B485B000AF78600B467B807B681A696E
:1030C0007B881340002B02D00123FB7301E0002317
:1030D000FB73FB7B18461437BD465DF8047B7047D5
:1030E00080B483B000AF78600B467B8013467B7062
:1030F0007B78002B03D07A887B689A6103E07B8819
:103100001A047B689A6100BF0C37BD465DF8047BEA
:103110007047000080B586B000AF78607B68002BF8
:1031200001D1012367E27B681B6803F00103002BD8
:1031300075D0884B9B6803F00C03042B0CD0854B97
:103140009B6803F00C03082B12D1824B5B6803F4DD
:103150008003B3F5800F0BD17E4B1B6803F4003363
:10316000002B5BD07B685B68002B57D1012342E2C8
:103170007B685B68B3F5803F06D1764B1B68754A68
:1031800043F4803313601DE07B685B68B3F5A02FC8
:103190000CD1704B1B686F4A43F4802313606D4B56
:1031A0001B686C4A43F4803313600BE0694B1B6867
:1031B000684A23F480331360664B1B68654A23F426
:1031C000802313607B685B68002B13D0FFF7C0FA85
:1031D000386108E0FFF7BCFA02463B69D31A642B5A
:1031E00001D9032307E25B4B1B6803F40033002B78
:1031F000F0D014E0FFF7ACFA386108E0FFF7A8FA66
:1032000002463B69D31A642B01D90323F3E1514BE6
:103210001B6803F40033002BF0D100E000BF7B6893
:103220001B6803F00203002B63D04A4B9B6803F03A
:103230000C03002B0BD0474B9B6803F00C03082BAF
:103240001CD1444B5B6803F48003002B16D1414B27
:103250001B6803F00203002B05D07B68DB68012BA1
:1032600001D00123C7E13B4B1B6823F0F8027B68C8
:103270001B69DB00374913430B603AE07B68DB686E
:10328000002B20D0344B01221A60FFF761FA38611D
:1032900008E0FFF75DFA02463B69D31A022B01D919
:1032A0000323A8E12B4B1B6803F00203002BF0D093
:1032B000284B1B6823F0F8027B681B69DB0025495B
:1032C00013430B6015E0244B00221A60FFF740FA0D
:1032D000386108E0FFF73CFA02463B69D31A022B3B
:1032E00001D9032387E11B4B1B6803F00203002B6A
:1032F000F0D17B681B6803F00803002B36D07B6895
:103300005B69002B16D0154B01221A60FFF720FADB
:10331000386108E0FFF71CFA02463B69D31A022B1A
:1033200001D9032367E10B4B5B6F03F00203002B12
:10333000F0D01BE0094B00221A60FFF709FA386150
:103340000EE0FFF705FA02463B69D31A022B07D9B4
:10335000032350E10038024000004742800E4742FC
:10336000884B5B6F03F00203002BEAD17B681B687C
:1033700003F00403002B00F097800023FB75814BC2
:103380001B6C03F08053002B0FD10023BB607D4BDF
:103390001B6C7C4A43F0805313647A4B1B6C03F024
:1033A0008053BB60BB680123FB75774B1B6803F43C
:1033B0008073002B18D1744B1B68734A43F48073DD
:1033C0001360FFF7C5F9386108E0FFF7C1F902465D
:1033D0003B69D31A022B01D903230CE16A4B1B680A
:1033E00003F48073002BF0D07B689B68012B06D11F
:1033F000644B1B6F634A43F0010313671CE07B6857
:103400009B68052B0CD15F4B1B6F5E4A43F0040396
:1034100013675C4B1B6F5B4A43F0010313670BE0C0
:10342000584B1B6F574A23F001031367554B1B6F13
:10343000544A23F0040313677B689B68002B15D064
:10344000FFF786F938610AE0FFF782F902463B6927
:10345000D31A41F28832934201D90323CBE0494B7E
:103460001B6F03F00203002BEED014E0FFF770F99E
:1034700038610AE0FFF76CF902463B69D31A41F262
:103480008832934201D90323B5E03E4B1B6F03F012
:103490000203002BEED1FB7D012B05D1394B1B6CB8
:1034A000384A23F0805313647B689B69002B00F03B
:1034B000A180344B9B6803F00C03082B5CD07B6825
:1034C0009B69022B41D1314B00221A60FFF740F972
:1034D000386108E0FFF73CF902463B69D31A022B3A
:1034E00001D9032387E0274B1B6803F00073002BEF
:1034F000F0D17B68DA697B681B6A1A437B685B6A78
:103500009B011A437B689B6A5B08013B1B041A43BF
:103510007B68DB6A1B061B4913434B601B4B012274
:103520001A60FFF715F9386108E0FFF711F9024654
:103530003B69D31A022B01D903235CE0114B1B68B2
:1035400003F00073002BF0D054E0104B00221A60FF
:10355000FFF7FEF8386108E0FFF7FAF802463B692A
:10356000D31A022B01D9032345E0064B1B6803F055
:103570000073002BF0D13DE07B689B69012B07D1E4
:10358000012338E0003802400070004060004742EC
:103590001B4B5B68FB607B689B69012B28D0FB6839
:1035A00003F480027B68DB699A4221D1FB6803F057
:1035B0003F027B681B6A9A421AD1FA6847F6C073C9
:1035C00013407A68526A9201934211D1FB6803F466
:1035D00040327B689B6A5B08013B1B049A4207D11F
:1035E000FB6803F070627B68DB6A1B069A4201D0BD
:1035F000012300E0002318461837BD4680BD00BFF8
:103600000038024080B584B000AF786039607B68D4
:10361000002B01D10123CCE0684B1B6803F00703AA
:103620003A689A420CD9654B3A68D2B21A70634B29
:103630001B6803F007033A689A4201D00123B8E0FF
:103640007B681B6803F00203002B20D07B681B689B
:1036500003F00403002B05D0594B9B68584A43F4F0
:10366000E05393607B681B6803F00803002B05D0D0
:10367000534B9B68524A43F460439360504B9B68A2
:1036800023F0F0027B689B684D4913438B607B6895
:103690001B6803F00103002B44D07B685B68012B9F
:1036A00007D1474B1B6803F40033002B19D10123CA
:1036B0007FE07B685B68022B03D07B685B68032B31
:1036C00007D13F4B1B6803F00073002B09D1012386
:1036D0006FE03B4B1B6803F00203002B01D1012379
:1036E00067E0374B9B6823F003027B685B683449D3
:1036F00013438B60FFF72CF8F8600AE0FFF728F817
:103700000246FB68D31A41F28832934201D903235F
:103710004FE02B4B9B6803F00C027B685B689B00BF
:103720009A42EBD1254B1B6803F007033A689A4293
:103730000CD2224B3A68D2B21A70204B1B6803F0AD
:1037400007033A689A4201D0012332E07B681B6884
:1037500003F00403002B08D0194B9B6823F4E052BC
:103760007B68DB68164913438B607B681B6803F03A
:103770000803002B09D0124B9B6823F460427B683E
:103780001B69DB000E4913438B6000F021F80246F1
:103790000B4B9B681B0903F00F030A49CB5C22FA11
:1037A00003F3094A1360094B1B681846FEF78CFFA8
:1037B000002318461037BD4680BD00BF003C0240C4
:1037C00000380240ACB100080400002008000020CE
:1037D0002DE9B04F94B000AF00237B640023FB645D
:1037E00000233B640023BB64794B9B6803F00C030C
:1037F000082B0DD0082B00F2E180002B02D0042B07
:1038000003D0DBE0734BBB64DBE0734BBB64D8E0FD
:103810006F4B5B6803F03F037B646D4B5B6803F4A5
:103820008003002B63D06A4B5B689B090022BB635B
:10383000FA63BB6BC3F308033B6300237B63D7E9E5
:103840000C4522462B464FF000004FF00001590175
:1038500041EAD261500102460B462146511A3961B4
:10386000294663EB01037B614FF000024FF0000338
:10387000D7E904AB59468B01514643EA916351465F
:103880008A015146B2EB0108594663EB01094FF03A
:1038900000024FF000034FEAC90343EA58734FEAAE
:1038A000C80290469946234618EB0303BB602B469B
:1038B00049EB0303FB604FF000024FF00003D7E930
:1038C000024529464B02214643EAD15321464A028A
:1038D000104619467B6C0022BB62FA62D7E90A23C4
:1038E000FDF762F902460B461346FB6458E0384B7D
:1038F0005B689B09002218461146C0F308033B622F
:1039000000237B62D7E9088942464B464FF000000E
:103910004FF00001590141EAD261500102460B46C5
:103920004146B2EB010A494663EB010B4FF000023E
:103930004FF000034FEA8B1343EA9A634FEA8A126F
:10394000B2EB0A0463EB0B054FF000024FF00003EB
:10395000EB0043EA5473E20014461D464346E31865
:103960003B604B4645EB03037B604FF000024FF09A
:103970000003D7E9004529468B02214643EA9153CB
:1039800021468A02104619467B6C0022BB61FA610F
:10399000D7E90623FDF708F902460B461346FB64F8
:1039A0000B4B5B681B0C03F0030301335B003B64B0
:1039B000FA6C3B6CB2FBF3F3BB6402E0054BBB64F7
:1039C00000BFBB6C18465037BD46BDE8B08F00BF86
:1039D000003802400024F40000127A0080B582B062
:1039E00000AFFEF7B5FE78605D4B1B685C4A43F0A4
:1039F0000103136008E0FEF7ABFE02467B68D31AB2
:103A0000022B01D90323A7E0554B1B6803F00203E7
:103A1000002BF0D0524B1B68514A43F080031360D7
:103A2000FEF796FE78604E4B00229A600AE0FEF7A1
:103A30008FFE02467B68D31A41F28832934201D945
:103A4000032389E0464B9B6803F00C03002BEED167
:103A5000FEF77EFE7860424B1B68414A23F45023F8
:103A6000136008E0FEF774FE02467B68D31A642BED
:103A700001D9032370E03A4B1B6803F40033002B99
:103A8000F0D1FEF765FE7860354B1B68344A23F0B1
:103A90008073136008E0FEF75BFE02467B68D31A72
:103AA000022B01D9032357E02D4B1B6803F0007351
:103AB000002BF0D1FEF74CFE7860294B1B68284A9A
:103AC00023F08063136008E0FEF742FE02467B6845
:103AD000D31A022B01D903233EE0214B1B6803F0CC
:103AE0000063002BF0D11E4B1E4A5A601C4B1E4A2D
:103AF000C3F884201A4BDB68194A23F4F853D360C7
:103B0000174BDB68164A23F40053D360144BDB6871
:103B1000134A43F41F03D360114BDB68104A43F48C
:103B20000013D3600E4B5B6F0D4A23F00103536704
:103B30000B4B5B6F0A4A43F0807353670B4B0C4A85
:103B40001A600C4B1B681846FEF7BEFD0346002B9F
:103B500001D0012300E0002318460837BD4680BD90
:103B60000038024010300004003000200400002023
:103B70000024F4000800002080B582B000AF786017
:103B80007B68002B01D101237BE07B685B6A002B03
:103B900008D17B685B68B3F5827F09D07B6800221F
:103BA000DA6105E07B6800221A617B6800225A61B5
:103BB0007B6800229A627B6893F85130DBB2002B5D
:103BC00006D17B68002283F850207868FEF7E4FB7A
:103BD0007B68022283F851207B681B681A687B6827
:103BE0001B6822F040021A607B685B6803F48272F3
:103BF0007B689B6803F404431A437B68DB6803F427
:103C000000631A437B681B6903F002031A437B6855
:103C10005B6903F001031A437B689B6903F400733B
:103C20001A437B68DB6903F038031A437B681B6A1D
:103C300003F0800342EA03017B689B6A03F40052AD
:103C40007B681B680A431A607B689B691B0C03F046
:103C500004017B685B6A03F010027B681B680A43FF
:103C60005A607B681B68DA697B681B6822F4006213
:103C7000DA617B6800225A657B68012283F8512053
:103C8000002318460837BD4680BD80B588B000AF18
:103C9000F860B9603B601346FB80FEF759FDF861A0
:103CA000FB887B83FB6893F85130DBB2012B01D09A
:103CB00002232AE1BB68002B02D0FB88002B01D134
:103CC000012322E1FB6893F85030012B01D102233C
:103CD0001BE1FB68012283F85020FB68032283F874
:103CE0005120FB6800225A65FB68BA681A63FB68BA
:103CF000FA889A86FB68FA88DA86FB6800229A635B
:103D0000FB6800229A87FB680022DA87FB680022A2
:103D10005A64FB6800221A64FB689B68B3F5004F85
:103D20000FD1FB681B681A68FB681B6822F0400211
:103D30001A60FB681B681A68FB681B6842F48042C3
:103D40001A60FB681B681B6803F04003402B07D018
:103D5000FB681B681A68FB681B6842F040021A6027
:103D6000FB68DB68B3F5006F52D1FB685B68002B22
:103D700002D07B8B012B45D1FB681B6B1A88FB683B
:103D80001B68DA60FB681B6B9A1CFB681A63FB6894
:103D9000DB8E9BB2013B9AB2FB68DA8632E0FB68AD
:103DA0001B689B6803F00203022B12D1FB681B6B9C
:103DB0001A88FB681B68DA60FB681B6B9A1CFB683F
:103DC0001A63FB68DB8E9BB2013B9AB2FB68DA8612
:103DD00018E0FEF7BDFC0246FB69D31A3A689A4226
:103DE00003D83B68B3F1FF3F02D13B68002B09D1F8
:103DF000FB68012283F85120FB68002283F85020E1
:103E0000032382E0FB68DB8E9BB2002BC7D153E01B
:103E1000FB685B68002B02D07B8B012B47D1FB68D2
:103E20001A6BFB681B680C3312781A70FB681B6BEB
:103E30005A1CFB681A63FB68DB8E9BB2013B9AB28B
:103E4000FB68DA8633E0FB681B689B6803F00203BB
:103E5000022B13D1FB681A6BFB681B680C331278BA
:103E60001A70FB681B6B5A1CFB681A63FB68DB8EBD
:103E70009BB2013B9AB2FB68DA8618E0FEF768FC59
:103E80000246FB69D31A3A689A4203D83B68B3F1F9
:103E9000FF3F02D13B68002B09D1FB68012283F868
:103EA0005120FB68002283F8502003232DE0FB689B
:103EB000DB8E9BB2002BC6D1FA693968F86800F036
:103EC00059FA0346002B02D0FB6820225A65FB6892
:103ED0009B68002B0AD100237B61FB681B68DB68B1
:103EE0007B61FB681B689B687B617B69FB680122C7
:103EF00083F85120FB68002283F85020FB685B6D3B
:103F0000002B01D0012300E0002318462037BD46D6
:103F100080BD80B58AB000AFF860B9607A607B8000
:103F200001237B62FEF714FC3862FB6893F8513082
:103F3000FB77FB685B68BB617B88FB82FB7F012BA7
:103F40000CD0BB69B3F5827F06D1FB689B68002B60
:103F500002D1FB7F042B01D002237FE1BB68002B41
:103F600005D07B68002B02D07B88002B01D1012378
:103F700074E1FB6893F85030012B01D102236DE10D
:103F8000FB68012283F85020FB6893F85130DBB2C4
:103F9000042B03D0FB68052283F85120FB68002224
:103FA0005A65FB687A689A63FB687A88DA87FB68E7
:103FB0007A889A87FB68BA681A63FB687A88DA8617
:103FC000FB687A889A86FB6800221A64FB680022E4
:103FD0005A64FB681B681B6803F04003402B07D042
:103FE000FB681B681A68FB681B6842F040021A6095
:103FF000FB68DB68B3F5006F7ED1FB685B68002B64
:1040000002D0FB8A012B6CD1FB681B6B1A88FB6802
:104010001B68DA60FB681B6B9A1CFB681A63FB6801
:10402000DB8E9BB2013B9AB2FB68DA8659E0FB68F3
:104030001B689B6803F00203022B1BD1FB68DB8E1D
:104040009BB2002B16D07B6A012B13D1FB681B6B34
:104050001A88FB681B68DA60FB681B6B9A1CFB689C
:104060001A63FB68DB8E9BB2013B9AB2FB68DA866F
:1040700000237B62FB681B689B6803F00103012B34
:1040800019D1FB68DB8F9BB2002B14D0FB681B6837
:10409000DA68FB689B6B92B21A80FB689B6B9A1C78
:1040A000FB689A63FB68DB8F9BB2013B9AB2FB68AB
:1040B000DA8701237B62FEF74BFB02463B6AD31A89
:1040C0003A6B9A420DD83B6BB3F1FF3F09D0FB68C6
:1040D000012283F85120FB68002283F8502003233B
:1040E000BCE0FB68DB8E9BB2002BA0D1FB68DB8FB2
:1040F0009BB2002B9BD182E0FB685B68002B02D057
:10410000FB8A012B71D1FB681A6BFB681B680C33AF
:1041100012781A70FB681B6B5A1CFB681A63FB68E9
:10412000DB8E9BB2013B9AB2FB68DA865DE0FB68EE
:104130001B689B6803F00203022B1CD1FB68DB8E1B
:104140009BB2002B17D07B6A012B14D1FB681A6B32
:10415000FB681B680C3312781A70FB681B6B5A1CC7
:10416000FB681A63FB68DB8E9BB2013B9AB2FB686B
:10417000DA8600237B62FB681B689B6803F00103FF
:10418000012B19D1FB68DB8F9BB2002B14D0FB688D
:104190001B68DA68FB689B6BD2B21A70FB689B6B7A
:1041A0005A1CFB689A63FB68DB8F9BB2013B9AB297
:1041B000FB68DA8701237B62FEF7CAFA02463B6A94
:1041C000D31A3A6B9A4203D83B6BB3F1FF3F02D14B
:1041D0003B6B002B09D1FB68012283F85120FB685F
:1041E000002283F85020032338E0FB68DB8E9BB26B
:1041F000002B9CD1FB68DB8F9BB2002B97D13A6AD6
:10420000396BF86800F0B6F80346002B08D0FB685D
:1042100020225A65FB68002283F8502001231DE00C
:10422000FB689B68002B0AD100233B61FB681B687D
:10423000DB683B61FB681B689B683B613B69FB6813
:10424000012283F85120FB68002283F85020FB688C
:104250005B6D002B01D0012300E0002318462837B6
:10426000BD4680BD80B588B000AFF860B9603B60E6
:104270001346FB71FEF76CFA0246BB6A9B1A3A685A
:104280001344FB61FEF764FAB861394B1B685B01AC
:104290001B0DFA6902FB03F37B6154E03B68B3F149
:1042A000FF3F50D0FEF754FA0246BB69D31AFA69B1
:1042B0009A4202D9FB69002B3DD1FB681B685A6802
:1042C000FB681B6822F0E0025A60FB685B68B3F58C
:1042D000827F11D1FB689B68B3F5004F04D0FB6867
:1042E0009B68B3F5806F07D1FB681B681A68FB6891
:1042F0001B6822F040021A60FB689B6AB3F5005FFE
:104300000FD1FB681B681A68FB681B6822F4005217
:104310001A60FB681B681A68FB681B6842F400524D
:104320001A60FB68012283F85120FB68002283F8A1
:104330005020032317E07B69002B01D10023FB6190
:104340007B69013B7B61FB681B689A68BB68134013
:10435000BA689A420CBF01230023DBB21A46FB79EC
:104360009A429BD1002318462037BD4680BD00BF2E
:104370000400002080B588B002AFF860B9607A60B0
:104380007B680093BB6801220221F868FFF76AFF8F
:104390000346002B07D0FB685B6D43F02002FB68EF
:1043A0005A65032332E01B4B1B681B4AA2FB032305
:1043B0005B0D4FF47A7202FB03F37B61FB685B6871
:1043C000B3F5827F12D17B680093BB680022802105
:1043D000F868FFF747FF0346002B16D0FB685B6DBC
:1043E00043F02002FB685A6503230FE07B69002B32
:1043F0000AD07B69013B7B61FB681B689B6803F00B
:104400008003802BF2D000E000BF0023184618374D
:10441000BD4680BD04000020819F5E1680B500AFC0
:104420000449054803F006F903461A46034B1A707F
:1044300000BF80BDD812002010000020D412002040
:1044400080B400AF00231846BD465DF8047B70477A
:1044500080B582B000AF0346FB71FB791846FCF7CC
:10446000CBFE034618460837BD4680BD80B582B0F6
:1044700000AF0346FB71FB791846FCF7A3FF034628
:1044800018460837BD4680BD80B584B000AFB9601E
:104490007A603B600346FB73F87B3B687A68B968D7
:1044A000FCF7A6FF034618461037BD4680BD80B511
:1044B00084B000AFB9607A603B600346FB73F87B61
:1044C0003B687A68B968FCF7FDFF03461846103769
:1044D000BD4680BD80B582B000AF03463A60FB7137
:1044E0000B46BB71B979FB793A681846FDF76EF84F
:1044F000034618460837BD4680BD000080B584B02D
:1045000000AF0346FB71FB79084A9B0013445B68CC
:104510005B68FA7905490A44127A104698470346BF
:10452000FB73FB7B18461037BD4680BD0415002089
:1045300080B584B000AF0346FB710023FB73FB79A9
:104540000E4AD35C002B14D1FB790C4A9B00134418
:104550005B681B68FA7909490A44127A1046984741
:104560000346FB73FB7B002B03D1FB79034A01213C
:10457000D154FB7B18461037BD4680BD0415002082
:1045800090B587B000AFB9607A603B600346FB73BB
:10459000FB7B0A4A9B0013445B689C68FB7B074AD1
:1045A0001344187A3B687A68B968A0470346FB75DC
:1045B000FB7D18461C37BD4690BD00BF041500208A
:1045C00090B587B000AFB9607A603B600346FB737B
:1045D000FB7B0A4A9B0013445B68DC68FB7B074A51
:1045E0001344187A3B687A68B968A0470346FB759C
:1045F000FB7D18461C37BD4690BD00BF041500204A
:1046000080B584B000AF03463A60FB710B46BB71C6
:10461000FB79094A9B0013445B681B69FA790649D8
:104620000A44107AB9793A6898470346FB73FB7BD2
:1046300018461037BD4680BD0415002080B485B0F3
:1046400000AF78607B6801331B78FB81FB891B021C
:104650001AB27B681B781BB213431BB2FB81FB8928
:1046600018461437BD465DF8047B704780B485B0AA
:1046700000AF78607B6803331B78FB60FB681B022C
:104680007A68023212781343FB60FB681B027A6877
:10469000013212781343FB60FB681B027A681278C0
:1046A0001343FB60FB6818461437BD465DF8047B76
:1046B000704780B483B000AF78600B467B807B6826
:1046C0005A1C7A607A88D2B21A707B881B0A7B8067
:1046D0007B685A1C7A607A88D2B21A7000BF0C3795
:1046E000BD465DF8047B704780B483B000AF78604E
:1046F00039607B685A1C7A603A68D2B21A703B689B
:104700001B0A3B607B685A1C7A603A68D2B21A7006
:104710003B681B0A3B607B685A1C7A603A68D2B2DD
:104720001A703B681B0A3B607B685A1C7A603A68C7
:10473000D2B21A7000BF0C37BD465DF8047B7047DB
:1047400080B487B000AFF860B9607A60FB687B61C5
:10475000BB683B617B68002B0DD03A69531C3B6101
:104760007B69591C796112781A707B68013B7B6008
:104770007B68002BF1D100BF1C37BD465DF8047B80
:10478000704780B487B000AFF860B9607A60FB68AA
:104790007B617B695A1C7A61BA68D2B21A707B68F5
:1047A000013B7B607B68002BF3D100BF00BF1C374F
:1047B000BD465DF8047B704780B489B000AFF860F7
:1047C000B9607A60FB68FB61BB68BB6100237B61F9
:1047D000FB695A1CFA611B781946BB695A1CBA61FD
:1047E0001B78CB1A7B617B68013B7B607B68002B6D
:1047F00002D07B69002BEBD07B6918462437BD467D
:104800005DF8047B704780B483B000AF7860396096
:1048100002E07B6801337B607B681B78002B05D04E
:104820007B681B781A463B689342F2D17B681B7801
:1048300018460C37BD465DF8047B704780B485B0E0
:1048400000AF786039600023BB60BB68FB6029E083
:10485000274AFB681B0113441B68002B1DD0244A08
:10486000FB681B0113441A687B681B689A4216D1C7
:104870001F4AFB681B01134404331A687B689B685A
:104880009A420CD11A4AFB681B01134408331A6878
:104890007B685B699A4202D107E00123BB60FB6839
:1048A0000133FB60FB68012BD2D9FB68022B09D1D5
:1048B000BB68002B02D13B68022B01D1002310E022
:1048C00012230EE03B68002B08D1094AFB681B014C
:1048D00013440C331B88B3F5807F01D1102300E013
:1048E000002318461437BD465DF8047B704700BFAF
:1048F000E412002080B483B000AF00237B6002E0AC
:104900007B6801337B607B68012B06D8094A7B6892
:104910001B0113441B68002BF2D17B68022B14BFD0
:1049200001230023DBB218460C37BD465DF8047B3B
:10493000704700BFE412002080B485B000AF7860FB
:1049400039600023FB601FE0414AFB681B011344F0
:104950001A687B681B689A4213D13D4AFB681B01A9
:10496000134404331A687B689B689A4209D1384A19
:10497000FB681B01134408331A687B685B699A4221
:1049800006D0FB680133FB60FB68012BDCD900E03B
:1049900000BFFB68022B32D10023FB6002E0FB6802
:1049A0000133FB60FB68012B06D8294AFB681B0119
:1049B00013441B68002BF2D1FB68022B01D10023AA
:1049C00040E07B681A682249FB681B010B441A60AF
:1049D0007B689A681E49FB681B010B4404331A600C
:1049E0007B685A691A49FB681B010B4408331A603B
:1049F000174AFB681B0113440C3300221A803B68E2
:104A0000002B09D0124AFB681B0113440C331B888E
:104A1000002B01D0002315E03B68002B08D10C4A85
:104A2000FB681B0113440C331B8801339AB201E06D
:104A30004FF480720649FB681B010B440C331A804B
:104A4000FB68013318461437BD465DF8047B704798
:104A5000E412002080B485B000AF78607B68013B31
:104A60007B607B68012B25D8174A7B681B011344A8
:104A70000C331B88FB81FB89B3F5807F01D10023B8
:104A8000FB81FB89002B02D0FB89013BFB810E4A95
:104A90007B681B0113440C33FA891A80FB89002BB5
:104AA00005D1094A7B681B01134400221A600023C8
:104AB0007B7301E002237B737B7B18461437BD4672
:104AC0005DF8047B704700BFE412002080B485B01D
:104AD00000AF78600023FB6010E00D4AFB681B010B
:104AE00013441B687A689A4205D1094AFB681B0186
:104AF000134400221A60FB680133FB60FB68012B42
:104B0000EBD900BF00BF1437BD465DF8047B70478A
:104B1000E412002080B586B000AF78600023FB73FC
:104B20007B68DB78002B34D07B685B6B7B617B68B8
:104B300058787B6803F1380101237A69FFF740FD5B
:104B40000346002B02D00123FB7322E07B68002286
:104B5000DA707B689B6A7A69D21A7B681B6A9A4210
:104B600017D27B689B783B6110E07B681B6A7A698F
:104B700013447B617B6858787B6803F1380101231B
:104B80007A69FFF71DFD3B69013B3B613B69012BE6
:104B9000EBD8FB7B18461837BD4680BD80B584B086
:104BA00000AF786039600023FB737B685B6B3A6809
:104BB0009A421BD07868FFF7ADFF0346FB73FB7B7F
:104BC000002B13D17B6858787B6803F138010123EF
:104BD0003A68FFF7D5FC0346002B04D04FF0FF33B3
:104BE0003B600123FB737B683A685A63FB7B184682
:104BF0001037BD4680BD000080B584B000AF78603E
:104C00007868FFF787FF0346FB73FB7B002B59D1C6
:104C10007B681B78032B49D17B681B79012B45D11D
:104C20007B6803F138007B689B891A460021FFF7F7
:104C3000A8FD7B68383303F5FF734AF65521184603
:104C4000FFF737FD7B68383321491846FFF74CFDE5
:104C50007B68383303F5F2731E491846FFF744FDAD
:104C60007B68383303F5F4727B689B6919461046FC
:104C7000FFF73AFD7B68383303F5F6727B685B69B2
:104C800019461046FFF730FD7B685B6A5A1C7B684B
:104C90005A637B6858787B6803F138017B685A6BEC
:104CA0000123FFF78DFC7B6800221A717B685B781B
:104CB000002200211846FFF7A3FC0346002B01D079
:104CC0000123FB73FB7B18461037BD4680BD00BF38
:104CD000525261417272416180B483B000AF78601A
:104CE00039603B68023B3B607B68DB69023B3A68AA
:104CF0009A4201D3002308E07B685B891A463B682F
:104D000003FB02F27B681B6B134418460C37BD464D
:104D10005DF8047B704780B586B000AF786039607D
:104D20007B681B683B613B68012B04D93B69DB69ED
:104D30003A689A4202D301237B61BAE04FF0FF3315
:104D40007B613B691B78032B00F08280032B00F30F
:104D5000A680012B02D0022B55D0A0E03B68FB605F
:104D6000FB685B08FA681344FB603B699A6A3B691D
:104D70009B891946FB68B3FBF1F313441946386964
:104D8000FFF70CFF0346002B40F08C80FB685A1C99
:104D9000FA603A699289B3FBF2F101FB02F29B1AC5
:104DA0003A69134493F83830BB603B699A6A3B69AF
:104DB0009B891946FB68B3FBF1F313441946386924
:104DC000FFF7ECFE0346002B6ED13B699B891A4628
:104DD000FB68B3FBF2F101FB02F29B1A3A69134440
:104DE00093F838301B02BA681343BB603B6803F08A
:104DF0000103002B02D0BB681B0902E0BB68C3F3B0
:104E00000B037B6155E03B699A6A3B699B895B08B0
:104E10009BB219463B68B3FBF1F31344194638695A
:104E2000FFF7BCFE0346002B40D13B6903F138017C
:104E30003B685B003A699289B3FBF2F000FB02F237
:104E40009B1A0B441846FFF7F9FB03467B6130E0E1
:104E50003B699A6A3B699B899B089BB219463B68F0
:104E6000B3FBF1F3134419463869FFF797FE034685
:104E7000002B1DD13B6903F138013B689B003A6967
:104E80009289B3FBF2F000FB02F29B1A0B44184626
:104E9000FFF7ECFB034623F070437B6109E001233D
:104EA0007B6106E000BF04E000BF02E000BF00E05D
:104EB00000BF7B6918461837BD4680BD90B589B0E4
:104EC00000AFF860B9607A600223FB77BB68012B02
:104ED00040F20981FB68DB69BA689A4280F003817D
:104EE000FB681B78032B00F0B680032B00F3FB80DC
:104EF000012B03D0022B00F08380F4E0BB68BB6180
:104F0000BB695B08BA691344BB61FB689A6AFB68BA
:104F10009B891946BB69B3FBF1F313441946F86842
:104F2000FFF73CFE0346FB77FB7F002B40F0D4806D
:104F3000FB6803F13801BB695A1CBA61FA689289AF
:104F4000B3FBF2F000FB02F29B1A0B447B61BB68DF
:104F500003F00103002B0DD07B691B785BB203F0DB
:104F60000F035AB27B68DBB21B015BB213435BB227
:104F7000DBB201E07B68DBB27A691370FB68012267
:104F8000DA70FB689A6AFB689B891946BB69B3FBB8
:104F9000F1F313441946F868FFF700FE0346FB7768
:104FA000FB7F002B40F09A80FB6803F13801FB681F
:104FB0009B891A46BB69B3FBF2F000FB02F29B1A15
:104FC0000B447B61BB6803F00103002B03D07B68BB
:104FD0001B09DBB20EE07B691B785BB223F00F0389
:104FE0005AB27B681B0A5BB203F00F035BB2134338
:104FF0005BB2DBB27A691370FB680122DA7072E08F
:10500000FB689A6AFB689B895B089BB21946BB6880
:10501000B3FBF1F313441946F868FFF7BFFD0346ED
:10502000FB77FB7F002B5BD1FB6803F13801BB688A
:105030005B00FA689289B3FBF2F000FB02F29B1A64
:105040000B447A6892B211461846FFF732FBFB68B0
:105050000122DA7047E0FB689A6AFB689B899B082B
:105060009BB21946BB68B3FBF1F313441946F868C9
:10507000FFF794FD0346FB77FB7F002B32D17B6863
:1050800023F07044FB6803F13801BB689B00FA68A9
:105090009289B3FBF2F000FB02F29B1A0B44184614
:1050A000FFF7E4FA034603F0704323437B60FB6899
:1050B00003F13801BB689B00FA689289B3FBF2F0F8
:1050C00000FB02F29B1A0B4479681846FFF70CFBB1
:1050D000FB680122DA7006E000BF04E000BF02E0D6
:1050E00000BF00E000BFFB7F18462437BD4690BDDF
:1050F00080B588B000AFF860B9607A600023FB77B4
:10510000FB681B68BB61BB68012B04D9BB69DB6909
:10511000BA689A4201D302234BE07B68002B0CD083
:105120004FF0FF327968B869FFF7C8FE0346FB7796
:10513000FB7F002B01D0FB7F3BE0B968F868FFF7ED
:10514000EAFD78617B69002B31D07B69012B01D1AD
:1051500002232EE07B69B3F1FF3F01D1012328E058
:105160000022B968B869FFF7A9FE0346FB77FB7F09
:10517000002B01D0FB7F1CE0BB699A69BB69DB692E
:10518000023B9A420BD2BB699B695A1CBB699A616C
:10519000BB691B7943F00103DAB2BB691A717B6901
:1051A000BB60BB69DB69BA689A42C6D300E000BF46
:1051B000002318462037BD4680BD80B588B000AFBB
:1051C000786039607B681B683B613B68002B0DD1C0
:1051D0003B695B69BB61BB69002B04D03B69DB6940
:1051E000BA699A421BD30123BB6118E03968786819
:1051F000FFF791FDF860FB68012B01D8012370E0F7
:10520000FB68B3F1FF3F01D1FB686AE03B69DB69F2
:10521000FA689A4201D2FB6863E03B68BB61BB69F4
:10522000FB61FB690133FB613B69DB69FA699A4207
:1052300007D30223FB61FA69BB699A4201D90023B3
:105240004FE0F9697868FFF766FDF860FB68002BAE
:105250000ED0FB68012B03D0FB68B3F1FF3F01D1F7
:10526000FB683EE0FA69BB699A42DAD1002338E074
:1052700000BF4FF0FF32F9693869FFF71FFE0346A0
:10528000FB75FB7D002B09D13B68002B06D0FA692A
:1052900039683869FFF712FE0346FB75FB7D002B6A
:1052A00016D13B69FA695A613B699A693B69DB69C6
:1052B000023B9A4204D83B699B695A1E3B699A613A
:1052C0003B691B7943F00103DAB23B691A7107E0CD
:1052D000FB7D012B02D14FF0FF3300E00123FB6186
:1052E000FB6918462037BD4680BD80B487B000AF4B
:1052F000786039607B681B68FB607B68DB6A04331D
:105300003B61FB689B891A463B68B3FBF2F3FA6882
:105310005289B3FBF2F37B613B691A1D3A611B684A
:10532000BB60BB68002B01D1002310E07A69BB6829
:105330009A4207D37A69BB68D31A7B613B6904330D
:105340003B61E9E700BF3B691A687B691344184673
:105350001C37BD465DF8047B704780B586B000AF52
:10536000786039607B681B683B613B68B3F5001F60
:1053700004D23B6803F01F03002B01D0022371E02D
:105380007B683A685A617B689B687B617B69002B0C
:1053900006D13B691B78022B02D93B69DB6A7B6132
:1053A0007B69002B0CD13B685B093A6912899342F7
:1053B00001D3022356E03B69DA6A7B68DA612DE0AB
:1053C0003B695B891A463B699B8902FB03F3FB60DF
:1053D00019E07B6879691846FFF79DFC78617B6965
:1053E000B3F1FF3F01D101233CE07B69012B04D9DC
:1053F0003B69DB697A699A4201D3022332E03A6859
:10540000FB68D31A3B603A68FB689A42E1D279693B
:105410003869FFF761FC02467B68DA617B687A696C
:105420009A617B68DB69002B01D102231AE07B685B
:10543000DA693B699B8919463B68B3FBF1F31A446F
:105440007B68DA613B6903F138013B699B891A4645
:105450003B68B3FBF2F000FB02F29B1ACA187B68B0
:105460001A62002318461837BD4680BD80B586B045
:1054700000AF786039607B681B68FB607B685B69A4
:105480002033BB607B68DB69002B03D0BB68B3F5BE
:10549000001F01D30423BBE0FB689B891A46BB684D
:1054A000B3FBF2F101FB02F29B1A002B40F09D804E
:1054B0007B68DB695A1C7B68DA617B689B69002B1F
:1054C0000BD1BB685B09FA6812899342C0F08D80EA
:1054D0007B680022DA6104239AE0FB689B891A4604
:1054E000BB68B3FBF2F3FA685289013A1340002B10
:1054F0007BD17A687B689B6919461046FFF70BFCE5
:1055000078617B69012B01D8022381E07B69B3F1CB
:10551000FF3F01D101237BE0FB68DB697A699A4296
:1055200059D33B68002B04D17B680022DA61042345
:105530006EE07A687B689B6919461046FFF73DFE6E
:1055400078617B69002B01D1072361E07B69012B26
:1055500001D102235CE07B69B3F1FF3F01D101235C
:1055600056E0F868FFF7D6FA0346002B01D0012376
:105570004EE0FB6803F13800FB689B891A46002166
:10558000FFF7FFF800233B617969F868FFF7A4FB98
:105590000246FB685A6312E0FB680122DA70F86881
:1055A000FFF7B8FA0346002B01D0012330E03B6936
:1055B00001333B61FB685B6B5A1CFB685A63FB68F9
:1055C0005B891A463B699342E6D3FB685A6B3B6999
:1055D000D21AFB685A637B687A699A617969F868BC
:1055E000FFF77AFB02467B68DA617B68BA685A612A
:1055F000FB6803F13801FB689B891A46BB68B3FB63
:10560000F2F000FB02F29B1ACA187B681A620023B0
:1056100018461837BD4680BD80B586B000AF7860AB
:1056200039607B681B68FB6000217868FFF795FE96
:105630000346FB75FB7D002B2BD100233B617B6870
:10564000DB691946F868FFF7A9FA0346FB75FB7D8D
:10565000002B1DD17B681B6A1B78E52B04D07B686F
:105660001B6A1B78002B07D13B6901333B613A6908
:105670003B689A4202D10CE000233B61012178682B
:10568000FFF7F4FE0346FB75FB7D002BD7D000E04F
:1056900000BFFB7D042B01D10723FB75FB7D184662
:1056A0001837BD4680BD80B584B000AF78603960E2
:1056B0003B681A331846FEF7C1FF0346FB607B6860
:1056C0001B78032B09D13B6814331846FEF7B6FF4D
:1056D00003461B04FA681343FB60FB681846103747
:1056E000BD4680BD80B584B000AFF860B9607A6017
:1056F000BB681A337A6892B211461846FEF7D9FF92
:10570000FB681B78032B09D1BB6803F114027B688B
:105710001B0C9BB219461046FEF7CBFF00BF10379B
:10572000BD4680BD90B587B000AF786039603B68FA
:105730001A331846FEF782FF0346002B01D00023E0
:1057400059E03B681B7803F03F035A1E13465B0089
:1057500013449B0013447B610123FB8100233B61C5
:1057600033E0274A3B6913441B781A463B681344CD
:105770001846FEF763FF0346BB81FB89002B1AD056
:105780007B69FE2B12D8BB89184601F09FFF0346A8
:105790001C467B695A1C7A615B007A6813441B883B
:1057A000184601F093FF03469C4201D0002322E0FB
:1057B000BB89FB8106E0BB894FF6FF72934201D0A3
:1057C000002318E03B6901333B613B690C2BC8D9CE
:1057D0003B681B7803F04003002B0BD0FB89002BA8
:1057E00008D07B695B007A6813441B88002B01D0CA
:1057F000002300E0012318461C37BD4690BD00BFC2
:105800003CB2000880B588B000AFF860B9601146BE
:105810001A460B46FB711346BB71BB680D33BA7950
:105820001A70BB680B330F221A70BB680C3300224E
:105830001A70BB681A3300211846FEF73AFFFB794D
:105840005A1E13465B0013449B001344FB61002364
:10585000FB820023BB61FB8A4FF6FF72934207D0A5
:10586000FB695A1CFA615B00FA6813441B88FB82CF
:10587000174ABB6913441B781A46BB681344FA8A5B
:1058800011461846FEF715FFFB8A002B02D14FF692
:10589000FF73FB82BB690133BB61BB690C2BDAD997
:1058A000FB8A4FF6FF72934206D0FB695B00FA68F1
:1058B00013441B88002B03D1FB7943F04003FB7199
:1058C000BB68FA791A7000BF2037BD4680BD00BFA3
:1058D0003CB2000880B58CB000AFF860B9607A6067
:1058E0003B600B22B968F868FEF72AFF3B68052B7E
:1058F0002BD93B68FB6122E07B689A1C7A601B888D
:105900007B840023BB6217E0FB695A007B8C03F0A9
:1059100001031344FB617B8C5B087B84FB6903F40C
:105920008033002B05D0FB6983F4883383F0210397
:10593000FB61BB6A0133BB62BB6A0F2BE4D97B6896
:105940001B88002BD8D1FB693B600723BB623B68F7
:10595000DBB203F00F03DBB2303387F82F3097F858
:105960002F30392B04D997F82F30073387F82F3091
:10597000BB6A5A1EBA6230333B4497F82F2003F8B3
:105980001C2C3B681B093B603B68002BDFD107F1F7
:105990001402BB6A13447E221A7000237B6202E069
:1059A0007B6A01337B627A6ABB6A9A4205D2FA68E3
:1059B0007B6A13441B78202BF2D1BB6A072B07D8D4
:1059C000BB6A5A1CBA6230333B4413F81C1C00E01B
:1059D00020217B6A5A1C7A62FA6813440A461A70BC
:1059E0007B6A072BE9D900BF00BF3037BD4680BDB9
:1059F00080B485B000AF78600023FB730B23BB60DD
:105A0000FB7BDAB25208DB011343DAB27B68591C24
:105A100079601B781344FB73BB68013BBB60BB68B8
:105A2000002BEDD1FB7B18461437BD465DF8047B97
:105A3000704780B586B000AF78607B681B683B61BB
:105A400000217868FFF789FC0346FB75FB7D002B7E
:105A500001D0FB7DA9E0FF233B753B7D7B757B6817
:105A60004FF0FF321A637B68DB6919463869FFF72C
:105A700095F80346FB75FB7D002B40F090807B681A
:105A80001B6A1B78BB75BB7D002B02D10423FB7501
:105A90008AE07B681B6A0B331B7803F03F03FB73C0
:105AA0007B68FA7B9A71BB7DE52B07D0FB7B03F00B
:105AB0000803002B09D0FB7B0F2B06D0FF237B753F
:105AC0007B684FF0FF321A635EE0FB7B0F2B36D111
:105AD0007B6893F82F3003F04003002B54D1BB7D3B
:105AE00003F04003002B0DD07B681B6A5B7B3B758A
:105AF000BB7D23F04003BB75BB7D7B757B685A691A
:105B00007B681A63BA7D7B7D9A4215D17B681B6ADC
:105B10000D331B783A7D9A420ED13B691A697B6836
:105B20001B6A19461046FFF7FDFD0346002B03D004
:105B30007B7D013BDBB200E0FF237B7524E07B7DB6
:105B4000002B09D17B681B6A1846FFF751FF0346FB
:105B50001A463B7D934224D07B6893F82F3003F0A4
:105B60000103002B0AD17B68186A7B6824330B225F
:105B70001946FEF721FE0346002B14D0FF237B7548
:105B80007B684FF0FF321A6300217868FFF76EFCE4
:105B90000346FB75FB7D002B3FF465AF04E000BFBF
:105BA00002E000BF00E000BFFB7D18461837BD468D
:105BB00080BD000080B58CB000AF78607B681B684A
:105BC000FB617B6893F82F3003F0A003002B01D01A
:105BD0000623E0E000237B6202E07B6A01337B6204
:105BE000FB691A697B6A5B0013441B88002BF4D1A4
:105BF0007B6803F1240107F10C030C221846FEF721
:105C00009FFDFB7D03F00103002B32D07B68402217
:105C100083F82F200123BB6216E07B6803F1240088
:105C2000FB691A6907F10C01BB6AFFF753FE78683C
:105C3000FFF7FFFE034687F82F3097F82F30002B31
:105C400006D1BB6A0133BB62BB6A632BE5D900E0B6
:105C500000BFBB6A642B01D107239CE097F82F306B
:105C6000042B02D097F82F3095E0FA7D7B6883F8FB
:105C70002F20FB7D03F00203002B07D07B6A0C333F
:105C8000474AA2FB03239B08013300E001233B6248
:105C9000396A7868FFF7C0FC034687F82F3097F819
:105CA0002F30002B48D13B6A013B3B623B6A002B03
:105CB00042D07B685A693B6A5B01D31A19467868FF
:105CC000FFF74BFB034687F82F3097F82F30002B58
:105CD00032D17B6824331846FFF78AFE0346FB76F1
:105CE0007B68DB691946F869FEF758FF034687F8B9
:105CF0002F3097F82F30002B1DD1FB6918697B6876
:105D0000196A3B6ADAB2FB7EFFF77CFDFB69012270
:105D1000DA7000217868FFF7A9FB034687F82F3077
:105D200097F82F30002B07D13B6A013B3B623B6A5F
:105D3000002BD5D100E000BF97F82F30002B28D1E1
:105D40007B68DB691946F869FEF728FF034687F888
:105D50002F3097F82F30002B1BD17B681B6A202235
:105D600000211846FEF70DFD7B68186A7B68243316
:105D70000B221946FEF7E4FC7B6893F82F207B6822
:105D80001B6A0C3302F01802D2B21A70FB690122AE
:105D9000DA7097F82F3018463037BD4680BD00BF07
:105DA0004FECC44E80B58AB000AF786039603B6874
:105DB0001B683B617B681B681B69FB6000237B6180
:105DC0007B69BB61BB695A1CBA613A6913441B7891
:105DD000BB84BB8C1F2B40D9BB8C2F2B06D0BB8C1C
:105DE0005C2B10D102E0BB690133BB613A69BB692E
:105DF00013441B782F2BF6D03A69BB6913441B78E8
:105E00005C2BF0D02AE07B69FE2B01D906237DE1D3
:105E1000BB8CDBB2BB84BB8C0121184601F01AFCA1
:105E20000346BB84BB8C002B01D106236EE1BB8CE7
:105E30007F2B09D8BB8C19468D48FEF7E4FC03463E
:105E4000002B01D0062361E17B695A1C7A615B005B
:105E5000FA681344BA8C1A80B4E700BF3A69BB6988
:105E60001A443B681A60BB8C1F2B01D8042300E046
:105E7000002387F8273011E07B6903F10043013BE1
:105E80005B00FA6813441B88BB84BB8C202B02D0B8
:105E9000BB8C2E2B06D17B69013B7B617B69002B80
:105EA000EAD100E000BF7B695B00FA68134400227E
:105EB0001A807B69002B01D1062327E17B682433FC
:105EC0000B2220211846FEF75CFC0023BB6102E098
:105ED000BB690133BB61BB695B00FA6813441B8873
:105EE000202BF5D0BB695B00FA6813441B882E2B6E
:105EF000EED0BB69002B09D097F8273043F003039D
:105F000087F8273002E07B69013B7B617B69002BCE
:105F100009D07B6903F10043013B5B00FA6813443D
:105F20001B882E2BEFD1002387F8263000233B62FD
:105F30000823FB61BB695A1CBA615B00FA68134411
:105F40001B88BB84BB8C002B00F09080BB8C202B6B
:105F500006D0BB8C2E2B0AD1BA697B699A4206D037
:105F600097F8273043F0030387F827307DE03A6A3B
:105F7000FB699A4203D2BA697B699A4223D1FB69D1
:105F80000B2B06D197F8273043F0030387F827300F
:105F900075E0BA697B699A4205D097F8273043F0DB
:105FA000030387F82730BA697B699A4266D87B6910
:105FB000BB6108233B620B23FB6197F826309B00F3
:105FC00087F8263051E0BB8C7F2B14D9BB8C002185
:105FD000184601F03FFB0346BB84BB8C002B04D06A
:105FE000BB8C803B234AD35CBB8497F8273043F0BB
:105FF000020387F82730BB8C002B07D0BB8C1946D7
:106000001D48FEF700FC0346002B08D05F23BB842D
:1060100097F8273043F0030387F827301BE0BB8C49
:10602000402B09D9BB8C5A2B06D897F8263043F061
:10603000020387F826300EE0BB8C602B0BD9BB8C9B
:106040007A2B08D897F8263043F0010387F82630DA
:10605000BB8C203BBB843B6A5A1C3A62BA8CD1B2DF
:106060007A6813440A4683F8242063E700BF06E0F9
:1060700058B10008BCB1000864B1000800BF7B68DB
:1060800093F82430E52B03D17B68052283F8242084
:10609000FB69082B04D197F826309B0087F826303F
:1060A00097F8263003F00C030C2B05D097F8263018
:1060B00003F00303032B05D197F8273043F00203C5
:1060C00087F8273097F8273003F00203002B17D109
:1060D00097F8263003F00303012B05D197F82730FA
:1060E00043F0100387F8273097F8263003F00C03AD
:1060F000042B05D197F8273043F0080387F82730A1
:106100007B6897F8272083F82F200023184628372C
:10611000BD4680BD80B586B000AF786039607B68D1
:106120003B613B691B68FB6002E03B6801333B60FD
:106130003B681B782F2BF8D03B681B785C2BF4D086
:106140003B6900229A603B681B781F2B0AD87B684A
:10615000802283F82F2000217868FFF7FEF803469D
:10616000FB7548E03B4619467868FFF71BFE03467F
:10617000FB75FB7D002B39D17868FFF75AFC03468D
:10618000FB757B6893F82F30FB72FB7D002B0AD0E8
:10619000FB7D042B2CD1FB7A03F00403002B27D1C9
:1061A0000523FB7524E0FB7A03F00403002B21D1C7
:1061B0003B699B7903F01003002B02D10523FB758B
:1061C00019E0FB6803F138017B685B69FA68928922
:1061D000B3FBF2F000FB02F29B1A0B441946F8687D
:1061E000FFF761FA02463B699A60BBE700BF02E035
:1061F00000BF00E000BFFB7D18461837BD4680BDDC
:1062000080B487B000AF78604FF0FF333B617B68AC
:106210001B68002B31D07B681B687B6102E07B69C7
:1062200001337B617B691B781F2B03D97B691B784A
:106230003A2BF4D17B691B783A2B1CD17B681B6805
:10624000FB60FB685A1CFA601B78303BBB60BB6884
:10625000092B0ED8FA687B699A420AD1BB68002BD9
:1062600007D1BB683B617B6901337B617B687A69DD
:106270001A603B6902E000233B613B6918461C370A
:10628000BD465DF8047B704780B582B000AF786092
:1062900039607B680022DA707B684FF0FF325A6306
:1062A00039687868FEF77AFC0346002B01D0042396
:1062B00038E07B68383303F5FF731846FEF7BEF904
:1062C00003461A464AF655239A4201D0032329E091
:1062D0007B6893F83830E92B09D07B6893F8383025
:1062E000EB2B1ED17B6893F83A30902B19D17B6849
:1062F000383336331846FEF7B9F9034623F07F43A7
:106300000A4A934201D100230CE07B6838335233B0
:106310001846FEF7ABF90346054A934201D1002324
:1063200000E0022318460837BD4680BD46415400B0
:106330004641543380B596B000AFF860B96013465B
:10634000FB71BB6800221A60F868FFF759FFF86319
:10635000FB6B002B01DA0B2365E29F4AFB6B52F8C3
:106360002330BB63BB6B002B01D10C235BE2BB680A
:10637000BA6B1A60FB7923F00103FB71BB6B1B78CE
:10638000002B1AD0BB6B5B781846FEF7B7F80346B4
:1063900087F8373097F8373003F00103002B0CD122
:1063A000FB79002B07D097F8373003F00403002B5C
:1063B00001D00A2337E2002335E2BB6B00221A70BA
:1063C000FB6BDAB2BB6B5A70BB6B5B781846FEF79F
:1063D000AFF8034687F8373097F8373003F00103FA
:1063E000002B01D003231EE2FB79002B07D097F886
:1063F000373003F00403002B01D00A2313E2BB6BF8
:106400005878BB6B0C331A460221FEF7F9F80346A5
:10641000002B01D0012306E2BB6B9B89B3F5805FA3
:106420000DD8BB6B9B89B3F5007F08D3BB6B9B89F1
:106430001A46BB6B9B89013B1340002B01D0012303
:10644000F1E100233B65396DB86BFFF71DFF034693
:1064500087F8573097F85730022B49D100233B6417
:106460001EE0BB6B03F138023B6C1B0103F5DF73CD
:1064700013443B633B6B04331B78002B06D03B6B10
:1064800008331846FEF7F2F8024600E000223B6CA3
:106490009B0058333B4443F8442C3B6C01333B6432
:1064A0003B6C032BDDD900233B643B6C002B02D0FB
:1064B0003B6C013B3B643B6C9B0058333B4453F8C3
:1064C000443C3B653B6D002B05D0396DB86BFFF745
:1064D000DBFE034600E0032387F8573097F8573078
:1064E000012B05D93B6C01333B643B6C032BE2D998
:1064F00097F85730042B01D1012394E197F85730D6
:10650000012B01D90D238EE1BB6B38330B331846B9
:10651000FEF794F803461A46BB6B9B899A4201D05A
:106520000D2380E1BB6B383316331846FEF786F82F
:106530000346FB64FB6C002B06D1BB6B3833243362
:106540001846FEF793F8F864BB6BFA6C1A62BB6BE3
:1065500093F84820BB6B9A70BB6B9B78012B05D0DE
:10656000BB6B9B78022B01D00D235CE1BB6B9B784E
:106570001A46FB6C02FB03F3FB64BB6B93F84530DC
:106580001A46BB6B5A81BB6B5B89002B08D0BB6B77
:106590005B891A46BB6B5B89013B1340002B01D022
:1065A0000D2340E1BB6B383311331846FEF746F834
:1065B00003461A46BB6B1A81BB6B1B89BA6B928967
:1065C000520992B2B3FBF2F101FB02F29B1A9BB2A9
:1065D000002B03D00D2326E1DC120020BB6B3833E7
:1065E00013331846FEF72AF80346BB64BB6C002B36
:1065F00006D1BB6B383320331846FEF737F8B86442
:10660000BB6B38330E331846FEF718F80346FB858C
:10661000FB8D002B01D10D2305E1FA8DFB6C13449A
:10662000BA6B1189BA6B9289520992B2B1FBF2F23C
:1066300092B21344BB62BA6CBB6A9A4201D20D2378
:10664000F1E0BA6CBB6AD31ABA6B5289B3FBF2F3AE
:106650007B627B6A002B01D10D23E4E0032387F8E2
:1066600057307B6A4FF6F572934202D8022387F8BF
:1066700057307B6A40F6F572934202D8012387F8BF
:1066800057307B6A9A1CBB6BDA61BB6B3A6D5A62FE
:10669000FA8D3B6D1A44BB6B9A623A6DBB6A1A4421
:1066A000BB6B1A6397F85730032B1ED1BB6B383383
:1066B0002A331846FDF7C2FF0346002B01D00D23F5
:1066C000B1E0BB6B1B89002B01D00D23ABE0BB6B92
:1066D00038332C331846FDF7C9FF0246BB6BDA622C
:1066E000BB6BDB699B007B641FE0BB6B1B89002BD2
:1066F00001D10D2397E0BB6B9A6AFB6C1A44BB6B0C
:10670000DA6297F85730022B03D1BB6BDB695B0071
:106710000AE0BB6BDA6913465B0013445A08BB6B93
:10672000DB6903F0010313447B64BB6B1A6ABB6B28
:106730009B8919467B6C0B44013BB96B8989B3FB80
:10674000F1F39A4201D20D236DE0BB6B4FF0FF32A3
:106750009A61BB6B9A69BB6B5A61BB6B80221A71E1
:1067600097F85730032B49D1BB6B38333033184679
:10677000FDF764FF0346012B40D13B6D0133194601
:10678000B86BFEF70BFA0346002B37D1BB6B002228
:106790001A71BB6B383303F5FF731846FDF74EFFD4
:1067A00003461A464AF655239A4227D1BB6B383323
:1067B0001846FDF75BFF03461D4A93421ED1BB6B93
:1067C000383303F5F2731846FDF750FF0346194AB4
:1067D000934213D1BB6B383303F5F4731846FDF7BE
:1067E00045FF0246BB6B9A61BB6B383303F5F6730A
:1067F0001846FDF73BFF0246BB6B5A61BB6B97F82F
:1068000057201A700C4B1B8801339AB20A4B1A801E
:10681000094B1A88BB6BDA80BB6B084A1A61B86BEC
:10682000FEF754F9002318465837BD4680BD00BF17
:106830005252614172724161E01200200413002043
:1068400080B584B000AF786039600923FB737B6842
:10685000002B1CD07B681B68002B18D07B681B6842
:106860001B78002B13D07B689A887B681B68DB88B9
:106870009A420CD17B681B685B781846FDF73EFE98
:10688000034603F00103002B01D10023FB73FB7BC4
:10689000002B02D17B681B6800E000233A6813607C
:1068A000FB7B18461037BD4680BD000080B588B020
:1068B00000AFF860B9601346FB71BB683B6107F13C
:1068C00010031846FFF79CFCF861FB69002B01DA06
:1068D0000B232BE0174AFB6952F82330BB61BB69DD
:1068E000002B05D0B869FEF7F1F8BB6900221A70D9
:1068F000FB68002B02D0FB6800221A70FA680D4971
:10690000FB6941F82320FB68002B02D0FB79012BA7
:1069100001D000230AE007F10C0107F1080300226F
:106920001846FFF707FD0346FB75FB7D1846203729
:10693000BD4680BDDC12002080B59AB000AFF86083
:10694000B9601346FB71FB68002B01D10923B7E145
:10695000FB7903F03F03FB71FA7907F1140107F1AA
:1069600008031846FFF7E6FC034687F8673097F8F8
:106970006730002B40F09B817B69BB61BA6807F1EF
:10698000180311461846FFF7C5FB034687F8673022
:1069900097F86730002B18D197F847305BB2002B7F
:1069A00003DA062387F867300FE0FB79012B8CBFF1
:1069B00001230023DBB21A4607F1180311461846DB
:1069C000FDF73CFF034687F86730FB7903F01C03B3
:1069D000002B7FD097F86730002B17D097F86730DF
:1069E000042B0ED1FDF786FF0346002B06D007F1DE
:1069F00018031846FFF7DEF8034600E0122387F875
:106A00006730FB7943F00803FB7110E0BB7F03F0B4
:106A10001103002B03D0072387F8673007E0FB79C9
:106A200003F00403002B02D0082387F8673097F89F
:106A30006730002B68D1FB7903F00803002B63D08B
:106A4000FDF7FEFCB865BB6B0E33B96D1846FDF75C
:106A50004BFEBB6B1633B96D1846FDF745FEBB6B9D
:106A60000B3320221A707B69BA6B11461846FEF769
:106A70001AFE78657B69B96B00221846FEF732FE74
:106A8000BB6B1C3300211846FDF72EFE7B690122EB
:106A9000DA707B6D002B37D07B695B6BBB6507F1D0
:106AA00018030022796D1846FEF722FB034687F88B
:106AB000673097F86730002B26D17B69B96D18468F
:106AC000FEF76CF8034687F867307B697A6D013A08
:106AD0005A6119E097F86730002B15D1BB7F03F09E
:106AE0001003002B03D0042387F867300CE0FB79F8
:106AF00003F00203002B07D0BB7F03F00103002B40
:106B000002D0072387F8673097F86730002B26D12B
:106B1000FB7903F00803002B03D0FB7943F040031B
:106B2000FB717B695A6BFB685A62BA6BFB689A62AD
:106B3000FB79012B8CBF01230023DBB21A4607F13E
:106B4000180311461846FDF7F7FE0246FB681A6166
:106B5000FB681B69002B02D1022387F8673097F886
:106B60006730002B40F0A3807B69BA6B1146184652
:106B7000FEF799FD0246FB689A60BB6B1C33184612
:106B8000FDF774FD0246FB68DA60FB680022DA62FA
:106B90007A69FB681A607B69DA88FB689A80FB680F
:106BA000FA791A75FB6800225A75FB6800221A628E
:106BB000FB6800229A61FB6830334FF48052002159
:106BC0001846FDF7DEFDFB7903F02003002B6ED0A5
:106BD000FB68DB68002B6AD0FB68DA68FB689A61A7
:106BE0007B695B891A467B699B8902FB03F33B65E2
:106BF000FB689B683B66FB68DB68FB6516E0FB682F
:106C0000396E1846FEF787F838663B6E012B02D8BE
:106C1000022387F867303B6EB3F1FF3F02D10123B7
:106C200087F86730FA6D3B6DD31AFB6597F86730CC
:106C3000002B03D1FA6D3B6D9A42E0D8FB683A6EA7
:106C4000DA6197F86730002B31D17B699B891A464E
:106C5000FB6DB3FBF2F101FB02F29B1A002B26D075
:106C60007B69396E1846FEF737F8F864FB6C002B29
:106C700003D1022387F8673019E07B699B891A46A4
:106C8000FB6DB3FBF2F2FB6C1A44FB681A627B6982
:106C90005878FB6803F13001FB681A6A0123FDF79D
:106CA0006FFC0346002B02D0012387F8673097F86A
:106CB0006730002B02D0FB6800221A6097F867301B
:106CC00018466837BD4680BD80B58EB000AFF8600D
:106CD000B9607A603B60BB687B623B6800221A60E7
:106CE000FB6807F1140211461846FFF7A9FD034699
:106CF00087F8373097F83730002B07D1FB685B7D7A
:106D000087F8373097F83730002B02D097F83730B4
:106D100035E1FB681B7D03F00103002B01D1072344
:106D20002DE1FB68DA68FB689B69D31A3B627A68DD
:106D30003B6A9A4240F21E813B6A7B601AE1FB6823
:106D40009B697A699289B3FBF2F101FB02F29B1A0B
:106D5000002B40F0D580FB689B697A699289B3FB70
:106D6000F2F37A695289013A1340FB61FB69002B07
:106D70002FD1FB689B69002B03D1FB689B683B63A9
:106D800013E0FB68DB6A002B07D0FB689B691946A0
:106D9000F868FEF7AAFA386307E0FA68FB68DB696F
:106DA00019461046FDF7B7FF38633B6B012B04D83B
:106DB000FB6802225A750223E1E03B6BB3F1FF3F0F
:106DC00004D1FB6801225A750123D8E0FB683A6BB5
:106DD000DA617A69FB68DB6919461046FDF77CFFCA
:106DE000B861BB69002B04D1FB6802225A750223EB
:106DF000C5E0BA69FB691344BB617B699B891A468C
:106E00007B68B3FBF2F3BB62BB6A002B41D0FA692B
:106E1000BB6A13447A695289934205D97B695B89BD
:106E20001A46FB69D31ABB627B695878BB6ABA6998
:106E3000796AFDF7A5FB0346002B04D0FB6801220D
:106E40005A7501239BE0FB681B7D5BB2002B18DAAF
:106E5000FB681A6ABB69D31ABA6A9A4211D9FB68ED
:106E60001A6ABB69D31A7A69928902FB03F37A6AB8
:106E7000D018FB6803F130017B699B891A46FDF746
:106E80005FFC7B699B891A46BB6A02FB03F3FB62CA
:106E90005CE0FB681B6ABA699A422ED0FB681B7DD6
:106EA0005BB2002B18DA7B695878FB6803F130017C
:106EB000FB681A6A0123FDF783FB0346002B04D00D
:106EC000FB6801225A75012359E0FB681B7D03F022
:106ED0007F03DAB2FB681A757B695878FB6803F1A7
:106EE00030010123BA69FDF74BFB0346002B04D0A8
:106EF000FB6801225A75012341E0FB68BA691A62F6
:106F00007B699B891846FB689B697A699289B3FB08
:106F1000F2F101FB02F29B1AC31AFB62FA6A7B6868
:106F20009A4201D97B68FB62FB6803F13001FB6880
:106F30009B697A699289B3FBF2F000FB02F29B1A1B
:106F40000B44FA6A1946786AFDF7FAFB7A6AFB6A1B
:106F500013447B62FB689A69FB6A1A44FB689A6176
:106F60003B681A68FB6A1A443B681A607A68FB6AD5
:106F7000D31A7B607B68002B7FF4E1AE00231846B8
:106F80003837BD4680BD80B586B000AF78607B687D
:106F900007F1080211461846FFF752FC0346FB753D
:106FA000FB7D002B68D17B681B7D03F04003002B29
:106FB00062D07B681B7D5BB2002B15DABB6858780A
:106FC0007B6803F130017B681A6A0123FDF7F8FA48
:106FD0000346002B01D001234FE07B681B7D03F0AB
:106FE0007F03DAB27B681A75FDF72AFA3861BA684E
:106FF0007B685B6A19461046FDF7D0FD0346FB75BA
:10700000FB7D002B38D17B689B6AFB60FB680B33F0
:107010001A78FB680B3342F02002D2B21A707B68F8
:1070200018687B689B681A46F968FEF75BFBFB688B
:1070300003F11C027B68DB6819461046FDF754FB20
:10704000FB68163339691846FDF74EFBFB681233AF
:1070500000211846FDF72DFBBB680122DA70BB68E2
:107060001846FDF7C9FD0346FB757B681B7D23F0C1
:107070004003DAB27B681A75FB7D18461837BD46A7
:1070800080BD80B584B000AF78607868FFF77BFF83
:107090000346FB73FB7B002B18D17B6807F10802CA
:1070A00011461846FFF7CCFB0346FB73FB7B002B16
:1070B0000CD17B681B691846FDF7CCFC0346FB73BB
:1070C000FB7B002B02D17B6800221A60FB7B1846F9
:1070D0001037BD4680BD80B590B000AF7860396094
:1070E0007B6807F1080211461846FFF7A9FB034623
:1070F00087F83F3097F83F30002B03D17B685B7DEA
:1071000087F83F3097F83F30002B02D097F83F3098
:1071100001E27B68DB6A002B00F0D9803B68B3F1A9
:10712000FF3F5AD17B68DB6A7B627B6A1A1D7A62F9
:107130001B687B610223BB627B689B683B633B6B84
:10714000002B3AD03B6B3B610023FB62BB6A0233EE
:10715000BB623B6BFB60FB6A0133FB627B68396B94
:107160001846FDF7D8FD38633B6B012B04D87B68CC
:1071700002225A750223CEE13B6BB3F1FF3F04D1EB
:107180007B6801225A750123C5E1FB6801333A6B24
:107190009A42DED0BA6A7B699A4209D87B6A1A1D84
:1071A0007A62FA6A1A607B6A1A1D7A623A691A6010
:1071B000BB68DB693A6B9A42C4D37B68DB6ABA6A04
:1071C0001A60BA6A7B699A4203D87B6A00221A6005
:1071D0009FE1112387F83F309BE17B68DB683A68C9
:1071E0009A4202D97B68DB683B607B683A689A61A7
:1071F0003B68002B00F08D813B68013B19467868A5
:10720000FEF773F802467B68DA61BA687B68DB696F
:1072100019461046FDF760FDB861BB69002B04D12B
:107220007B6802225A75022375E13B68013BBA680C
:107230009289B3FBF2F3BA685289013A1340BA69F2
:107240001344BB617B689B69BA689289B3FBF2F116
:1072500001FB02F29B1A002B00F05B817B681B6A2A
:10726000BA699A4200F055817B681B7D5BB2002BA6
:1072700018DABB6858787B6803F130017B681A6ABA
:107280000123FDF79DF90346002B04D07B68012202
:107290005A7501233FE17B681B7D03F07F03DAB25F
:1072A0007B681A75BB6858787B6803F1300101234D
:1072B000BA69FDF765F90346002B04D07B6801220B
:1072C0005A75012327E17B68BA691A6221E17B685C
:1072D000DB683A689A4208D97B681B7D03F0020399
:1072E000002B02D17B68DB683B607B689B693B625B
:1072F00000237B637B687A6B9A613B68002B00F00C
:10730000B580BB685B891A46BB689B8902FB03F3A7
:10731000FB613B6A002B1BD03B685A1EFB69B2FB2A
:10732000F3F23B6A591EFB69B1FBF3F39A420FD3A8
:107330003B6A5A1EFB695B421A407B689A617B6814
:107340009B693A68D31A3B607B68DB69BB6322E0C8
:107350007B689B68BB63BB6B002B19D17B680021EA
:107360001846FDF72AFFB863BB6B012B04D17B687D
:1073700002225A750223CEE0BB6BB3F1FF3F04D16A
:107380007B6801225A750123C5E07B68BA6B9A605D
:107390007B68BA6BDA61BB6B002B67D03AE03A6866
:1073A000FB69D31A3B607B689A69FB691A447B6866
:1073B0009A617B681B7D03F00203002B0BD07B6876
:1073C000B96B1846FDF7F9FEB863BB6B002B08D10B
:1073D00000233B6022E07B68B96B1846FDF79BFCFD
:1073E000B863BB6BB3F1FF3F04D17B6801225A75D0
:1073F000012390E0BB6B012B04D9BB68DB69BA6B3E
:107400009A4204D37B6802225A75022383E07B6888
:10741000BA6BDA613A68FB699A42C0D87B689A69AC
:107420003B681A447B689A61BB689B891A463B6833
:10743000B3FBF2F101FB02F29B1A002B16D0BB68E2
:10744000B96B1846FDF748FC78637B6B002B04D1C1
:107450007B6802225A7502235DE0BB689B891A464D
:107460003B68B3FBF2F37A6B13447B637B689A69E6
:107470007B68DB689A420AD97B689A697B68DA6024
:107480007B681B7D43F04003DAB27B681A757B682A
:107490009B69BA689289B3FBF2F101FB02F29B1A75
:1074A000002B36D07B681B6A7A6B9A4231D07B689E
:1074B0001B7D5BB2002B18DABB6858787B6803F140
:1074C00030017B681A6A0123FDF77AF80346002B26
:1074D00004D07B6801225A7501231CE07B681B7D68
:1074E00003F07F03DAB27B681A75BB6858787B6853
:1074F00003F1300101237A6BFDF742F80346002BBC
:1075000004D07B6801225A75012304E07B687A6B02
:107510001A6297F83F3018464037BD4680BD80B5A7
:1075200088B000AFF860B9607A600023FB61FB6847
:10753000BB611CE007F1100307F114010122786818
:10754000FFF7C2FB3B69012B17D13B7DFB75FB7D30
:107550000D2B0BD0BB695A1CBA61FA7D1A70FB69FE
:107560000133FB61FB7D0A2B09D000E000BFBB6843
:10757000013BFA699A42DDDB02E000BF00E000BF98
:10758000BB6900221A70FB69002B01D0FB6800E088
:10759000002318462037BD4680BD000080B487B068
:1075A00000AFF860B9601346FB710123FB7500233F
:1075B000BB751F4B5B7ADBB2002B31D11C4B5B7A66
:1075C000DBB21A461A4B00219954194B5B7ADBB295
:1075D000174A9B001344FA685A60154B5B7ADBB27A
:1075E0001A46134B1344FA791A72114B5B7ADBB2C9
:1075F0005A1CD1B20E4A5172BB75BB7D3033DAB220
:10760000BB681A70BB6801333A221A70BB68023338
:107610002F221A70BB68033300221A700023FB75F7
:10762000FB7D18461C37BD465DF8047B704700BFE4
:107630000415002080B582B000AF78603960002268
:1076400039687868FFF7AAFF034618460837BD4631
:1076500080BD000080B485B000AF03463960FB8078
:10766000FB887F2B02D8FB88FB8125E03B68002B41
:107670000BD0FB88FF2B05D8FB88803B124A32F8E1
:10768000133000E00023FB8116E00023FB8109E0BA
:10769000FB890D4A32F81330FA889A4206D0FB89EA
:1076A0000133FB81FB897F2BF2D900E000BFFB890E
:1076B00080339BB2DBB2FB81FB8918461437BD4691
:1076C0005DF8047B704700BF4CB2000880B487B0FF
:1076D00000AF0346FB80FB88B3F5805F01D23E4BD1
:1076E00000E03E4B7B617B699A1C7A611B887B8240
:1076F0007B8A002B68D0FA887B8A9A4264D37B69A4
:107700009A1C7A611B883B823B8A1B0AFB813B8A5D
:10771000DBB23B82FA88798A3B8A0B449A4249DA87
:10772000FB89082B4FD801A252F823F051770008AB
:107730006377000879770008817700088977000867
:107740009177000899770008A1770008A9770008C9
:10775000FA887B8AD31A5B007A6913441B88FB8002
:1077600027E0FA887B8AD31A9BB203F001039BB20D
:10777000FA88D31AFB801CE0FB88103BFB8018E0E2
:10778000FB88203BFB8014E0FB88303BFB8010E053
:10779000FB881A3BFB800CE0FB880833FB8008E089
:1077A000FB88503BFB8004E0FB88A3F5E353FB80A0
:1077B00000BF08E0FB89002B95D13B8A5B007A690A
:1077C00013447B618FE700BFFB8818461C37BD461A
:1077D0005DF8047B704700BF4CB3000840B500085B
:1077E0002DE9FF4757EC106B002F0C4619463B461E
:1077F000BBBF07F100431F4600232D230B700D9BD9
:10780000DDF830A0914623F02008BCBF3246164672
:10781000B8F1460F05D0B8F1450F00D1013402216F
:1078200000E0032103AB019302AB009347EC106B24
:107830005346224600F094FFB8F1470F054619D190
:1078400019F0010F0ED000EB04090022002330468E
:107850003946F9F739F908B1CDF80C903022039B7D
:107860004B451ED3039B0E9A5B1B2846136004B046
:10787000BDE8F087B8F1460F00EB0409E5D10378C5
:10788000302B0AD10022002330463946F9F71CF983
:1078900018B9C4F10104CAF80040DAF8003099447C
:1078A000D3E7591C03911A70D9E7F7B50029BABF7D
:1078B00049422D232B2309290270437029DD0DF144
:1078C00007031D460A271A46B1FBF7F607FB1614F5
:1078D000303402F8014C0C46632C03F1FF3331467F
:1078E000F1DC3031941E03F8011C411C2346AB42ED
:1078F0000AD30DF109039B1AAC4288BF002302335F
:107900000344181A03B0F0BD13F8016B01F8016FBE
:10791000EDE7302330318370C170031DF1E70000C3
:107920002DE9F04F8DB00C46DDF8588016461F4605
:10793000054600F013FE036804931846F8F798FC18
:1079400000230A93D8F800300590073323F007038B
:1079500003F1080294F818A0D4F800B0C8F8002089
:10796000D3E9008929F000430793CDF81880C4E9D2
:107970001289DDE906019C4B4FF0FF32F9F7D6F88A
:1079800070BBDDE90601984B4FF0FF32F9F7B0F814
:1079900030BB0022002340464946F9F79FF810B15A
:1079A0002D2384F84330914A914BBAF1470F94BF8D
:1079B00090469846032323612BF0040323604FF085
:1079C0000009009733460BAA2146284600F0D2F959
:1079D000013040F08D804FF0FF300DB0BDE8F08FEA
:1079E00042464B4640464946F9F7A0F840B14B465F
:1079F000002BBCBF2D2384F843307E4A7E4BD4E756
:107A000063680AF0DF0206925A1C3BD106236360CA
:107A10004BF480620023226003930AABCDE901A3FB
:107A200009AB0093616849EC108B0DF123032846E4
:107A3000FFF7D6FE069B0999472B804629D1C81C23
:107A400002DB6368994241DDAAF1020A5FFA8AFA11
:107A50000139524604F150000991FFF726FF0A9AB6
:107A60001318012A8146236102DC2268D20701D55E
:107A7000013323619DF82330002BA2D02D2384F8FD
:107A800043309EE7069A472AC2D1002BC0D101237A
:107A9000BDE7BAF1650FDBD9BAF1660F18D100293D
:107AA00063680BDD216113B92268D00702D5013369
:107AB0000B442361A1654FF00009DBE713B922688D
:107AC000D20701D50233F4E70123F2E74FF0670A4A
:107AD0000A9B994205DB23682161D807EAD54B1C34
:107AE000E7E70029D4BFC1F1020201221344E0E715
:107AF00023685A0507D42369424631462846B847C9
:107B000001302BD167E7BAF1650F40F2DD80D4E98F
:107B1000120100220023F8F7D7FF002833D0374A9C
:107B2000012331462846B84701303FF454AFDDE920
:107B30000938434502DB2368D8070FD5DDE9042364
:107B400031462846B84701303FF445AF4FF00009B1
:107B500008F1FF3804F11A0AC84509DC23689B07BD
:107B600000F10381E0680B9B9842B8BF184634E7E8
:107B70000123524631462846B84701303FF42BAF27
:107B800009F10109E8E7099B002B39DC1B4A0123B5
:107B900031462846B84701303FF41DAFDDE90939C9
:107BA00059EA030302D12368D907D7D5DDE90423B5
:107BB00031462846B84701303FF40DAF4FF0000A78
:107BC00004F11A0B099B5B42534501DC4B4693E7DA
:107BD00001235A4631462846B84701303FF4FBAEF0
:107BE0000AF1010AEEE700BFFFFFEF7FFCB50008D6
:107BF00000B6000804B6000808B6000837B8000848
:107C0000A36DDDF828A05345A8BF5346002B994625
:107C100036DC4FF0000B29EAE97904F11A02A36D72
:107C20000693A3EB09035B4531DC099B9A453ADCDB
:107C30002368DA0737D4099BAAEB0309069BAAEB52
:107C400003039945A8BF9946B9F1000F33DC4FF003
:107C5000000829EAE97904F11A0B099BAAEB03034E
:107C6000A3EB090343457FF779AF01235A46314619
:107C70002846B84701303FF4AEAE08F10108ECE702
:107C8000424631462846B8470130C2D1A3E6012317
:107C9000314628460692B84701303FF49CAE069A1A
:107CA0000BF1010BBBE7DDE9042331462846B84759
:107CB0000130C0D18FE6069A4B46424431462846F1
:107CC000B8470130C3D186E6DDF828A0BAF1010F2C
:107CD00001DCDB0736D50123424631462846B8474A
:107CE00001303FF478AEDDE9042331462846B84739
:107CF00001303FF470AED4E91201002200230AF1F2
:107D0000FF3AF8F7E1FEC0B9534608F101023146E7
:107D10002846B84701300CD15DE601235A4631466A
:107D20002846B84701303FF456AE08F10108D04567
:107D3000F3DB4B4604F15002DFE64FF0000804F19C
:107D40001A0BF4E701234246E1E701234A46314694
:107D50002846B84701303FF43EAE08F10108E36819
:107D60000B995B1A4345F0DCFCE64FF0000804F188
:107D70001909F4E72DE9F047164698468A680B6919
:107D8000DDF820909342B8BF1346336091F843204A
:107D900007460C460AB1013333602368990642BF97
:107DA000336802333360256815F0060506D104F107
:107DB000190AE36832689B1AAB4226DC94F8433018
:107DC0002268003B18BF012392062BD404F1430222
:107DD00041463846C84701301ED02368226903F067
:107DE0000603042B02BFE5683368ED1AA3680CBFD5
:107DF00025EAE57500259342C4BF9B1AED180026BD
:107E00001A34B5421AD1002008E0012352464146F7
:107E10003846C847013003D14FF0FF30BDE8F08746
:107E20000135C6E7E1185A1C302081F8430022448E
:107E300094F8451082F843100233C7E70123224625
:107E400041463846C8470130E6D00136D9E7000040
:107E50002DE9FF470F7E0C9E782F914680460C46F9
:107E60009A4601F1430207D8622F0AD8002F00F08A
:107E7000D280582F00F0B98004F1420684F8427095
:107E80003AE0A7F16303152BF6D801A151F823F0CE
:107E9000E97E0008FD7E0008797E0008797E0008F2
:107EA000797E0008797E0008FD7E0008797E000852
:107EB000797E0008797E0008797E0008FD7F000841
:107EC000277F0008B77F0008797E0008797E0008C8
:107ED0001F800008797E0008277F0008797E00084F
:107EE000797E0008BF7F000833681A1D1B68326066
:107EF00004F1420684F8423001239DE03368206893
:107F0000191D3160060601D51D6803E04506FBD545
:107F1000B3F90050002D03DA2D236D4284F843306D
:107F200059480A2311E021683368080653F8045BB6
:107F300002D4490648BFADB26F2F5348336014BF17
:107F40000A230823002184F843106668A660002EE7
:107F5000A2BF216821F0040121600DB9002E4BD091
:107F60001646B5FBF3F103FB1157C75D06F8017D1B
:107F70002F46BB420D46F4D9082B0BD12368DF07EF
:107F800008D5236961689942DEBF302306F8013CB9
:107F900006F1FF36921B2261CDF800A04B4603AAE2
:107FA00021464046FFF7E6FE01304AD14FF0FF3050
:107FB00004B0BDE8F087236843F020032360334812
:107FC000782784F84570236831681F0651F8045BF0
:107FD00002D45F0648BFADB23160D90744BF43F059
:107FE000200323601DB11023ACE72748E9E723688D
:107FF00023F020032360F6E71646BDE733682568C3
:108000006169181D30602E061B6801D5196002E0F9
:108010006806FBD51980002323611646BCE7336848
:108020001A1D32601E68626800213046F8F7D0F8E9
:1080300008B1801B606063682361002384F84330CB
:10804000AAE72369324649464046D0470130ADD0C1
:1080500023689B0713D4E068039B9842B8BF184677
:10806000A6E70123324649464046D04701309DD01D
:108070000135E36803995B1AAB42F2DCEBE70025BC
:1080800004F11906F5E700BF0CB600081DB600089C
:10809000002310B50446C0E90033C0E9043383600F
:1080A00081814366C2818361194608225C3000F0F9
:1080B0004DFA0D4B63620D4BA3620D4BE3620D4B0A
:1080C00023630D4B24629C4206D003F16802944264
:1080D00002D0D0339C4205D104F15800BDE81040D5
:1080E00000F0B0BA10BD00BF99830008BF8300083C
:1080F000F78300081B84000810150020024A03497A
:10810000034800F069B800BF240000205DA8000803
:108110003400002041680C4B994210B5044601D050
:1081200002F09CFBA168094B994202D0204602F064
:1081300095FBE168064B994204D02046BDE810400B
:1081400002F08CBB10BD00BF101500207815002078
:10815000E015002010B50B4B0B4C0C4A1A60204662
:1081600000220421FFF794FF04F168000122092195
:10817000FFF78EFF04F1D0000222BDE8104012216B
:10818000FFF786BF4816002010150020FD8000086C
:10819000014800F058BA00BF51160020014800F015
:1081A00053BA00BF5116002010B50446FFF7F0FF88
:1081B000236A1BB1BDE81040FFF7F0BF044B2362F8
:1081C000044B1B68002BF5D1FFF7C4FFF2E700BF9B
:1081D00015810008481600202DE9F8430746884617
:1081E00014460026D4E90195B9F1010905D52468A2
:1081F000002CF7D13046BDE8F883AB89012B07D9B5
:10820000B5F90E30013303D029463846C04706433E
:108210006835E9E70FB407B5064904AB086853F8B9
:10822000042B8168019302F02FF803B05DF804EB92
:1082300004B0704730000020024B01461868826885
:1082400002F096BB30000020036A70B584680546D2
:108250000E460BB9FFF7A8FF636EDB0705D4A389B1
:10826000980502D4A06D00F0EEF9A389190702D594
:108270002369002B35D12146284600F011F980B33F
:108280004FF0FF35636EDA0705D4A3899B0502D44E
:10829000A06D00F0D9F9284670BD002B04DAA26960
:1082A0009A4217DC0A2915D023685A1C22601970DB
:1082B000A36816F8011F013BA3600029EDD1002B34
:1082C00011DA22460A21284600F0ABF80130D7D057
:1082D0000A25D7E72246284600F0A3F80130E7D167
:1082E000CEE7013EE4E723685A1C22600A221A7096
:1082F000EEE70000024B01461868FFF7A5BF00BF7C
:10830000300000200EB400B59CB01DAB029006906A
:108310006FF00041094807910491094953F8042B73
:1083200005910068019302A901F0BCFC029B0022A8
:108330001A701CB05DF804EB03B0704730000020E9
:108340000802FFFF0EB430B59CB01FAC4FF40172B1
:1083500054F8045BADF8142002900690F7F788FFFC
:108360000B4B039007900B930A48019400230F9343
:1083700014934FF6FF73ADF816302A46234602A930
:10838000006801F0E3FD1CB0BDE8304003B0704769
:10839000BB8300083000002010B50C46B1F90E1068
:1083A00000F002F90028ABBF636DA3891B1823F40A
:1083B0008053ACBF6365A38110BD002070472DE9D9
:1083C000F0411F468B89DB0505460C46164605D550
:1083D000B1F90E100223002200F0D4F8A389B4F9F9
:1083E0000E1023F48053A38132463B462846BDE855
:1083F000F04100F0EBB810B50C46B1F90E1000F0EA
:10840000C1F8431CA38915BF606523F4805343F46E
:108410008053A38118BFA38110BDB1F90E1000F0E5
:10842000A1B8F8B50E461446054618B1036A0BB953
:10843000FFF7BAFEA369A360A3891A0701D52369D0
:1084400043B92146284600F02BF818B14FF0FF370A
:108450003846F8BD23682269981A6369F6B28342E8
:10846000374605DC2146284602F0F8F90028EDD110
:10847000A368013BA36023685A1C22601E706269D6
:10848000431C9A4204D0A389DB07E1D50A2EDFD131
:108490002146284602F0E2F90028D9D0D6E70000AC
:1084A00038B5294B054618680C4618B1036A0BB954
:1084B000FFF77AFEB4F90C30190722D4DA0607D494
:1084C00009222A6043F04003A3814FF0FF3033E0DC
:1084D000580712D5616B41B104F14403994202D0AF
:1084E000284600F001FF00236363A38923F02403DF
:1084F000A3810023636023692360A38943F00803F9
:10850000A38123694BB9A38903F42073B3F5007FDA
:1085100003D02146284602F0EFF9B4F90C3013F0ED
:1085200001020AD00022A26062695242A26122695D
:1085300042B913F08000C5D138BD990758BF6269B0
:10854000A260F4E70020F7E7300000200244034671
:10855000934200D1704703F8011BF9E700487047C8
:108560007001002038B5064D0023044608462B60F4
:10857000F9F7E2FF431C02D12B6803B1236038BD39
:108580004C16002038B5074D044608461146002217
:108590002A601A46F9F7F7FF431C02D12B6803B192
:1085A000236038BD4C16002038B5074D04460846F8
:1085B000114600222A601A46F9F7A1FF431C02D196
:1085C0002B6803B1236038BD4C16002038B5074D29
:1085D00004460846114600222A601A46F9F71DFD96
:1085E000431C02D12B6803B1236038BD4C16002018
:1085F000014B1868704700BF3000002070B50D4D6A
:108600000D4C641BA4100026A64209D10B4D0C4C46
:1086100002F082FC641BA4100026A64205D170BDA6
:1086200055F8043B98470136EEE755F8043B984768
:108630000136F2E78CB900088CB900088CB9000843
:1086400090B900087047704770472DE9F74F0369EC
:108650000C69A34207467EDB013C01F11408A3002C
:1086600000F11405009305EB8403019358F82430BE
:1086700055F8242001339A4208EB8409B2FBF3F643
:108680002ED34FF0000AC446AE46D3465CF8043BF6
:1086900098B206FB00A0020C1B0C06FB0323DEF8BD
:1086A000002080B292B2121A5A44DEF800004FEA5B
:1086B000134A9BB2C3EB224303EB104392B242EA4C
:1086C0000342E1454EF8042B4FEA234BDED2009BD8
:1086D000EB582BB9019B043B9D421A462FD33C61BA
:1086E000384601F07BF9002825DB2946002058F8A0
:1086F000042BD1F800C01FFA82FE1FFA8CF3A3EB03
:108700000E030344120CC2EB234202EB1C429BB249
:1087100043EA0243C14541F8043B4FEA2240E6D216
:1087200055F8242005EB840322B9043B9D421A46E8
:108730000BD33C610136304603B0BDE8F08F1268C0
:10874000043B002ACBD1013CC6E71268043B002A57
:10875000EFD1013CEAE70020EEE700000000000056
:108760002DE9F04FC76999B08DED020B55EC104B18
:10877000229E099183460E9213937FB9102000F038
:10878000FDFD0246CBF81C0020B9A74BEF21A748FE
:1087900002F0F0F9C0E901770760C760DBF81C3030
:1087A000196859B15A684A60012393408B60584652
:1087B00000F0DAFEDBF81C3000221A602B1EB9BF75
:1087C00023F00043039300233360039F984BBCBF07
:1087D00001223260BB4312D1139A42F20F7313602D
:1087E000C7F31303234300F04D85239BDFF854A206
:1087F000002B00F04F850AF1030300F049BD9DED09
:10880000027B002251EC170B00238DED0C7BF8F757
:108810005BF9804658B1139A01231360239B13B16F
:10882000239A844B1360DFF820A200F033BD9DED46
:108830000C0B16AA17A9584601F080F9C7F30A567F
:108840008146002E77D00D9BCDF85080C3F31303E3
:10885000DDE90C0143F07F5343F44013A6F2FF36E9
:1088600019460022744BF7F70FFD69A3D3E90023E3
:10887000F7F7C2FE68A3D3E90023F7F707FD044624
:1088800030460D46F7F74EFE65A3D3E90023F7F710
:10889000B3FE02460B4620462946F7F7F7FC04468E
:1088A0000D46F8F759F900220746002320462946CD
:1088B000F8F714F940B13846F7F734FE22462B4654
:1088C000F8F702F900B9013F162F51D85B4B03EBC3
:1088D000C703D3E90023DDE90C01F8F7FFF800280E
:1088E00048D0013F00231293169B9B1B5A1E44BF86
:1088F000C3F101080023089254BF4FF00008089309
:10890000002F39DB089B0F973B44089300230A9301
:10891000099B092B64D8052BC4BF043B0993099B11
:10892000A3F10203CCBF00240124032B63D8DFE8AA
:1089300003F02A373555DDE916631E4406F232434B
:10894000202BC1BFC3F140039F4006F2124324FA1B
:1089500003F3D6BFC3F1200347EA030004FA03F090
:10896000F7F7D0FD0122A1F1F873013E149277E7E9
:108970000123B8E71290B7E77B420A930023A8EBE4
:1089800007080F93C4E700230B930E9B002B35DCE5
:108990000123009307931A460E920BE00123F3E79D
:1089A00000230B930E9BFB1800930133012B0793BD
:1089B000B8BF0123DBF81C000021042202F11405DA
:1089C0009D421FD94160584600F08EFD8246002826
:1089D0003CD11B4B024640F2AF11D8E60123E0E741
:1089E0000124002309930B944FF0FF330093079366
:1089F00000221223D0E701230B93F5E70E9B00938F
:108A00000793D7E701315200D8E700BFAFF30080EA
:108A100061436F63A787D23FB3C8608B288AC63F84
:108A2000FB799F501344D33F3BB6000852B6000871
:108A30000000F07F38B800080000F83F48B7000891
:108A4000AAB6000837B6000837B80008DBF81C30B3
:108A50001860079B0E2B00F2A480002C00F0A18070
:108A6000002F33DDAD4B07F00F0203EBC20393ED94
:108A7000007BF8058DED047B4FEA271416D5A84B33
:108A8000DDE90C01D3E90823F7F7E0FECDE90201A7
:108A900004F00F040326A24D54B9DDE90423DDE9F7
:108AA0000201F7F7D3FECDE9020128E00226F2E742
:108AB000E10708D5DDE90401D5E90023F7F79CFDBE
:108AC000CDE90401013664100835E5E700F0D280F5
:108AD0007C42924B924D04F00F0203EBC203D3E9A8
:108AE0000023DDE90C01F7F787FDCDE90201241130
:108AF00000230226002C40F0B280002BD3D1129B21
:108B0000DDE90245002B00F0B780864B00222046AD
:108B10002946F7F7E3FF002800F0AE80079B002B03
:108B200000F0AA80009B002B37DD7B1E04932046BB
:108B30007D4B00222946F7F75FFDCDE90201009C3D
:108B400001363046F7F7EEFCDDE90223F7F754FD76
:108B5000764B0022F7F79AFB0546A1F15076002CE0
:108B600040F08D80DDE90201714B0022F7F78CFBAC
:108B700002460B46CDE902232A463346F7F7CCFFDF
:108B8000002840F08B82DDE902012A4606F100430D
:108B9000F7F7A4FF002840F02881DDE90C34CDE987
:108BA0000234179B002BC0F25A810E2F00F357811D
:108BB0005A4B03EBC70393ED007B0E9B002B8DED0F
:108BC000007B03DA079B002B40F30181DDE90245BE
:108BD0005646DDE9002320462946F7F737FEF7F72A
:108BE000BBFF8046F7F79EFCDDE90023F7F704FDA5
:108BF00002460B462046294608F13004F7F744FBAD
:108C000006F8014B079DA6EB0A04A54202460B4657
:108C100040F01781F7F73AFBDDE9002304460D46E3
:108C2000F7F77AFF002840F0F980DDE900232046BD
:108C30002946F7F749FF18B118F0010F40F0EE8010
:108C40004946584600F090FC00233370139B0137CF
:108C50001F60239B002B00F01D831E601AE3E207B8
:108C600005D5D5E90023F7F7C7FC013601236410C9
:108C700008353FE7022642E7079C049761E7274B48
:108C80000B9903EBC40353E902235444002953D046
:108C900028490020F7F7DAFD33462A46F7F7F4FAB9
:108CA000CDE910015646DDE90201F7F755FF05460B
:108CB000F7F738FC02460B46DDE90201F7F7E4FA64
:108CC000303502460B46CDE9022306F8015BDDE9AB
:108CD0001023F7F703FF002871D1DDE902231149C2
:108CE0000020F7F7D1FADDE91023F7F7F7FE0028A7
:108CF00040F09580A6423FF450AFDDE910010A4BE9
:108D00000022F7F779FC084BCDE910010022DDE9DC
:108D10000201F7F771FCCDE90201C4E748B700088A
:108D200020B700080000F03F0000244000001C4075
:108D3000000014400000E03F31462846F7F75CFC95
:108D4000CDE9100115945646DDE90201F7F704FF5D
:108D50000546F7F7E7FB02460B46DDE90201F7F7A8
:108D600093FA303506F8015B02460B46A642CDE980
:108D700002234FF0000224D1AC4BDDE91001F7F7DC
:108D800085FA02460B46DDE90201F7F7C5FE002829
:108D900045D1DDE91023A5490020F7F775FA024611
:108DA0000B46DDE90201F7F799FE00283FF4F5AE26
:108DB000159E731E159316F8013C302BF8D0049FB6
:108DC0003EE79B4BF7F718FCCDE90201BCE70CD15D
:108DD000984B0022DDE90001F7F70EFCDDE90223E4
:108DE000F7F790FE002800F05781002425460E9BDF
:108DF000DB430493564600272146584600F0B4FB57
:108E0000002DDCD02FB1AF4203D03946584600F0D8
:108E1000ABFB2946584600F0A7FBD0E70497334642
:108E20001E4613F8012D392A07D19A45F8D1049A24
:108E30000132049230228AF800201A7801321A7026
:108E4000BDE77B4B0022F7F7D7FB00220023044647
:108E50000D46F7F739FE00283FF4BBAEF0E60B9A5B
:108E6000002A00F0DB80099A012A00F3BF80149ADF
:108E7000002A00F0B78003F233430A9C4646089A62
:108E800001211A4458469844089200F021FC0546F6
:108E90005EB1089B002B08DDB342089AA8BF334699
:108EA000A8EB0308F61AD31A08930A9BF3B10B9B9D
:108EB000002B00F0B7808CB129462246584600F0BE
:108EC000C7FC4A4601460546584600F017FC49468D
:108ED0000490584600F048FB049B99460A9B1A1BD5
:108EE00004D04946584600F0B3FC8146012158465B
:108EF00000F0EEFB0F9B0446002B00F0CF811A46DA
:108F00000146584600F0A4FC099B012B044600F3DF
:108F10009580029B002B40F08780039BC3F31303D3
:108F2000002B40F08980039B23F000431B0D1B05A1
:108F30002BB1089B0133089308F1010801230A9320
:108F40000F9B002B00F0B081236904EB83031869A9
:108F500000F072FBC0F12000089B184410F01F00C5
:108F600077D0C0F12003042B6BDD089BC0F11C00FF
:108F70000344804406440893B8F1000F05DD4946D8
:108F80004246584600F0BEFC8146089B002B05DD9A
:108F900021461A46584600F0B5FC0446129B002BA9
:108FA00059D02146484600F019FD002853DA7B1EAF
:108FB0000493494600230A22584600F0F7FA0B9B17
:108FC0008146002B00F07281002329460A22584670
:108FD00000F0ECFA009B002B054667DC099B022B96
:108FE00041DC63E0169BC3F1360346E7079B5C1E3A
:108FF0000A9BA342BFBF0A9B0F9A0A94E31AB4BF0D
:10900000D2181C1B079BBCBF0F920024002BB5BFBE
:10901000A8EB0306079B0023464630E70A9C0B9DFE
:10902000464635E70A9A5CE7002388E70000E03F00
:109030000000244000001440029B80E700230A93B4
:1090400082E799D0089A1C331A4498441E44089227
:1090500092E70346F6E7079B0497002B20DC00937A
:10906000099B022B1EDD009B002B7FF4C0AE214626
:109070000522584600F09AFA01460446484600F098
:10908000ADFC00287FF7B3AE5646312306F8013B0E
:10909000049B01330493AEE6079C04972546F3E74F
:1090A000079B00930B9B002B00F00481002E05DD35
:1090B00029463246584600F025FC05460A9B002BFF
:1090C0005AD06968584600F00FFA064628B9844B12
:1090D000024640F2EF21FFF75ABB2A6902329200A2
:1090E00005F10C010C3001F037FD012231465846E4
:1090F00000F008FC0AF101030793009B53440B9313
:10910000029B03F001032F460A930546079B214665
:10911000013B48460093FFF798FA3946029000F168
:109120003008484600F05AFC2A4608902146584626
:1091300000F070FCC268064602BB0146484600F0DB
:109140004DFC0246314658460E9200F00DFA099B3E
:109150000E9A079E43EA02010A9B194310D1B8F107
:10916000390F29D0089B002B02DD029B03F1310847
:10917000009B83F800803FE62846BBE70122E1E739
:10918000089B002B04DB09990B430A990B4320D160
:10919000002AEDDD49460122584600F0B3FB214686
:1091A000814600F01BFC002803DCE1D118F0010F20
:1091B000DED0B8F1390FD8D1009A39231370334675
:1091C0001E46013B16F8012C392A52D001321A7082
:1091D00012E6002A07DDB8F1390FEDD0009A08F148
:1091E0000103137008E6079B079A03F8018C0B9B99
:1091F000934228D0494600230A22584600F0D6F967
:10920000AF4281464FF000034FF00A0239465846FC
:1092100007D100F0CBF907460546079B01330793BA
:1092200074E700F0C3F92946074600230A2258468E
:1092300000F0BCF90546F0E7009B002BCCBF1E46B2
:1092400001265644002749460122584600F05AFBA1
:109250002146814600F0C2FB0028B0DC02D118F0A4
:10926000010FACD133461E4613F8012D302AFAD037
:10927000C2E59A45A4D1049B0133049331238AF8B3
:109280000030B9E5239BDFF85CA01BB10AF10803AD
:10929000239A1360504619B0BDE8F08F099B012B4B
:1092A0007FF737AE0F9B0A93012055E6009B002BFA
:1092B0007FF7D6AE564621464846FFF7C6F900F17D
:1092C000300806F8018B009BA6EB0A029342B3DD3F
:1092D000494600230A22584600F068F98146EAE729
:1092E000AAB600082EB6000838B50546002941D0B8
:1092F00051F8043C0C1F002BB8BFE41800F0E8F84C
:109300001D4A136833B9636014602846BDE83840CD
:1093100000F0E4B8A34208D9206821188B4201BFAD
:1093200019685B6809182160EDE71A465B680BB1A4
:10933000A342FAD911685018A0420BD12068014409
:10934000501883421160E0D118685B68536008448C
:109350001060DAE702D90C232B60D6E720682118C9
:109360008B4204BF19685B68636004BF0918216001
:109370005460CAE738BD00BF58160020024B0146B2
:10938000186800F025B800BF3000002070B50F4EFF
:109390000C463168054611B901F0CEFB306021461C
:1093A000284601F0C9FB431C03D14FF0FF3420468F
:1093B00070BDC41C24F00304A042F8D0211A284632
:1093C00001F0BAFB0130F2D1EFE700BF54160020E4
:1093D0002DE9F843CD1C25F0030508350C2D38BFC9
:1093E0000C25002D064601DBA94204D90C2333606D
:1093F0000020BDE8F883DFF8D48000F069F8D8F8E1
:1094000000301C4644BB29463046FFF7BFFF431CD3
:10941000044658D1D8F800402746002F43D1002CED
:109420004BD023683946304604EB030901F084FB36
:10943000814542D121686D1A29463046FFF7A6FFC3
:1094400001303AD023682B442360D8F800305A68A2
:1094500062BBC8F800700FE02268521B20D40B2AB0
:1094600017D96119A342256018BF5960636808BF06
:10947000C8F8001062514B60304600F02FF804F13C
:109480000B00231D20F00700C21A1CBF1B1AA3509B
:10949000AFE76268A3420CBFC8F800205A60EBE750
:1094A00023466468AEE73C467F68B6E71A465B68C9
:1094B000A342FBD100235360DEE70C233360304628
:1094C00000F00CF894E70560D6E700BF58160020BE
:1094D0000148FFF7B8B800BF501600200148FFF759
:1094E000B3B800BF5016002070B5C66904460D46DB
:1094F00076B91020FFF742FF0246E06120B9184B11
:1095000018486B2101F036FBC0E901660660C660B1
:10951000E669F36883B1E369DB6853F82500B8B9FD
:10952000012101FA05F6721D9200204601F040FB70
:1095300060B1C0E901560EE021220421204601F06D
:1095400037FBE369F060DB68002BE4D1002070BDDD
:10955000026843F825200023C0E90333F7E700BF82
:109560003BB60008BBB6000870B5C66905460C4698
:1095700076B91020FFF702FF0246E86120B9094BD7
:1095800009488F2101F0F6FAC0E901660660C6605D
:109590003CB1EB696268DB6853F82210216043F844
:1095A000224070BD3BB60008BBB600082DE9F04173
:1095B0000D6907460C461E4601F1140C0020DCF82C
:1095C000003099B202FB01611E0C0B0C02FB06334A
:1095D00089B2013001EB034185424CF8041B4FEA8C
:1095E0001346ECDC0EB3A368AB4219DC6168384665
:1095F0000131FFF779FF804628B902460C4B0D4830
:10960000BA2101F0B7FA2269023204F10C0192008A
:109610000C3001F0A1FA21463846FFF7A5FF444679
:1096200004EB850301355E6125612046BDE8F081CC
:10963000AAB60008BBB60008B0F5803F034636BFA7
:10964000030400201020B3F1807F3CBF1B020830D0
:10965000B3F1805F3CBF1B010430B3F1804F3CBFCE
:109660009B000230002B05DB13F0804F00F101005E
:1096700008BF202070470368024613F007000BD094
:10968000D90721D4980749BF5B089B0801201360C4
:109690005CBF13600220704799B209B91B0C1020FF
:1096A000D9B209B908301B0A190704BF1B090430D5
:1096B000990704BF9B080230D90703D45B0800F167
:1096C000010003D0136070470020704720207047CE
:1096D00010B50C460121FFF707FF024628B9054BDC
:1096E000054840F2451101F045FA01234461036148
:1096F00010BD00BFAAB60008BBB600082DE9F04FA8
:1097000014460A6923699A42A8BF23460F46A4BF9C
:109710000C461F46D4F810A0D7F81090A3686168D3
:109720000AEB0906B34285B0B8BF0131FFF7DCFE92
:1097300030B90246444B45484FF4B17101F01AFA72
:1097400000F1140505EB86082B460022434521D382
:1097500007F1140104F1140202EB8A0201EB890300
:109760000293131B153B23F00303043304F1150785
:10977000BA4238BF04230193029B03918B420CD859
:10978000002E03DD58F8043D002B5BD0066105B0C8
:10979000BDE8F08F43F8042BD8E7B1F800A0BAF188
:1097A000000F24D004F1140EA9464FF0000C5EF80F
:1097B000047BD9F800301FFA87FB9BB20AFB0B33FE
:1097C0004FEA174BD9F8007063444FEA174C0AFB75
:1097D0000BC707EB13479BB243EA0743724549F8AF
:1097E000043B4FEA174CE2D8019B45F803C0039BAA
:1097F000B3F802900431B9F1000F21D02B6804F1C5
:10980000140CAE464FF0000ABCF800B0BEF802706F
:1098100009FB0B7757449BB243EA07434EF8043BDE
:109820005CF8043B4FEA134ABEF8003009FB0A33E8
:1098300003EB174362454FEA134AE5D8019FEB510A
:10984000043599E7013E9BE7AAB60008BBB60008BD
:109850002DE9F843154612F0030207460E4607D0DD
:10986000254C013A002354F82220FFF79FFE0646BC
:10987000AD103DD0FC697CB91020FFF77FFD02469A
:10988000F86128B91D4B1E4840F2B31101F072F97E
:10989000C0E901440460C460D7F81C80D8F80840CF
:1098A0004CB940F271213846FFF712FF0023C8F887
:1098B0000800044603604FF00009EB070AD5314663
:1098C00022463846FFF71AFF314680463846FFF7F2
:1098D0004BFE46466D100BD0206838B92246214613
:1098E0003846FFF70BFF2060C0F800900446E4E71D
:1098F0003046BDE8F88300BF14B700083BB6000847
:10990000BBB600082DE9F0470C464968236903EB14
:109910006218A368074691464FEA621A08F10106E9
:10992000B3420BDB3846FFF7DFFD054648B9024678
:10993000284B29484FF4EF7101F01CF901315B000D
:10994000EEE7002300F1140100F110021846534520
:1099500033DB20692AEAEA7A04F1140319F01F09BB
:1099600001EB8A0103EB800C2BD0C9F1200E8A4653
:109970000022186800FA09F010434AF8040B53F863
:10998000042B9C4522FA0EF2F3D8ACEB0403153BF2
:1099900023F00303043304F11500844538BF042386
:1099A000CA500AB108F10206013E38462E6121462E
:1099B000FFF7DAFD2846BDE8F08742F8040F0133CF
:1099C000C5E7043953F8042B41F8042F9C45F9D816
:1099D000EAE700BFAAB60008BBB600080A6903465A
:1099E0000069801A30B50ED11433143103EB8204B0
:1099F00001EB820154F8045D51F8042D954203D027
:109A000005D24FF0FF3030BDA342F3D3FBE7012076
:109A1000F9E700002DE9F74F89460646114648460A
:109A20001446FFF7DBFF051E12D129463046FFF72B
:109A30005BFD024628B93F4B40F237213E4801F01A
:109A400099F80123C0E90435104603B0BDE8F08F52
:109A5000BCBF4B46A1463046D9F80410BABF1C46DD
:109A600001250025FFF740FD024618B9314B40F2B1
:109A70004521E3E7D9F810702669C56009F11003A4
:109A800009F1140504F1140E00F1140B05EB87081D
:109A90000EEB86060193D9464FF0000C019B5EF851
:109AA000040B53F804AF01931FFA8AF3194683B2EB
:109AB000CB1A000C6344C0EB1A4000EB23409BB26E
:109AC00043EA0043764549F8043B4FEA204CE5D889
:109AD000331B153B23F0030315340433A64238BF70
:109AE00004231D445B441E462C4644450ED308F116
:109AF0000301491B21F00301033DA84538BF0021A4
:109B00000B4453F8041D91B117619DE754F8041BF1
:109B1000E646080C1CFA81FC714400EB2C4089B22B
:109B200041EA004146F8041B4FEA204CDDE7013FC3
:109B3000E7E700BFAAB60008BBB600082DE9F74367
:109B40000F46012159EC108B1646FFF7CDFC044659
:109B500030B90246234B244840F20F3101F00AF895
:109B6000C9F30A55C9F313030DB143F480130193EC
:109B7000B8F1000323D068460093FFF77CFDDDE9D0
:109B80000012D0B1C0F1200302FA03F30B43C2402C
:109B900063610192019BA361002B0CBF0122022291
:109BA0002261A5B1A5F2334505443D60C0F1350001
:109BB0003060204603B0BDE8F0836161EAE701A8A8
:109BC000FFF759FD019B636120300122E8E704EBB8
:109BD0008203A0F2324038601869FFF72DFDC0EB18
:109BE0004210E5E7AAB60008BBB600082DE9F04729
:109BF0008E681F46BE420B6882460C4690462DD8A2
:109C0000B1F90C2012F4906F26D06569096905EB53
:109C10004505A3EB010905EBD5757B1C4B446D1085
:109C20009D4238BF1D46530527D52946FFF7D0FB77
:109C3000064660B321694A4600F08EFFA38923F4EB
:109C4000906343F08003A381266165614E44A5EBD8
:109C500009052660A5603E46BE4200D93E46206802
:109C60003246414600F02BFFA3689B1BA36023688C
:109C7000334423600020BDE8F0872A4600F0BEFF91
:109C800006460028E0D121695046FFF72DFB0C2342
:109C9000CAF80030A38943F04003A3814FF0FF309E
:109CA000E9E700002DE9F04F98468B891B069DB02F
:109CB00007460D46144610D50B6973B94021FFF7CE
:109CC00087FB2860286130B90C233B604FF0FF30E0
:109CD0001DB0BDE8F08F40236B6100230993202362
:109CE0008DF82930CDF80C803023DFF89C818DF879
:109CF0002A304FF0010923469A4613F8012B0AB186
:109D0000252AF9D1BAEB040B0BD05B462246294633
:109D10003846FFF76BFF013000F0A780099A5A44DC
:109D200009929AF80030002B00F09F8000234FF03A
:109D3000FF32CDE905230AF1010A049307938DF858
:109D400053301A935446052214F8011B4E48F6F777
:109D50003FFA049AD8B9D00644BF20238DF8533077
:109D6000110744BF2B238DF853309AF800302A2B6B
:109D700015D0079A544600204FF00A0C214611F8DE
:109D8000013B303B092B4BD9B0B1079214E0A0EB5B
:109D9000080309FA03F313430493A246D2E7039B93
:109DA000191D1B680391002BBBBF5B4242F00202EE
:109DB00007930793B8BF049223782E2B0AD16378B8
:109DC0002A2B32D1039B1A1D1B68039243EAE373CB
:109DD00002340593DFF8C0A0217803225046F6F73D
:109DE000F7F938B1049BA0EB0A00402282401343EC
:109DF0000134049314F8011B24488DF8281006221E
:109E0000F6F7E6F9002836D0214B1BBB039B07333E
:109E100023F0070308330393099B334409936AE74C
:109E20000CFB02320C460120A8E700230134059305
:109E300019464FF00A0C204610F8012B303A092A37
:109E400003D9002BC6D00591C4E70CFB01210446C1
:109E50000123F0E703AB00932A460E4B04A93846D2
:109E6000FDF75EFD421C0646D6D1AB895B063FF589
:109E70002DAF09982CE703AB00932A46054B04A9A4
:109E80003846FDF7E5FFEDE710B800081AB80008FE
:109E900021790008ED9B000816B8000838B54B1C66
:109EA000144603D14FF0FF35284638BD938923F07F
:109EB000200393815368526BCDB28AB1A26B9A4250
:109EC00008DD23685A1E226003F8015C63680133D1
:109ED0006360E9E7214600F0B8FD0028F1D0E1E732
:109EE0002169226841B1914206D212F8011CA942AF
:109EF00002D1013A2260EAE7C4E90F2304F14403E6
:109F000063630323A363234603F8465F23600123AF
:109F1000DEE710B50C46496B69B104F14403994280
:109F200001D0FFF7E1F9236C63600020606313B197
:109F3000E36B236010BD2369236000236360A38962
:109F400043F02003A3814FF0FF30F3E72DE9F04702
:109F50000C46ADF5227D0021CDE94411A549A09123
:109F60000DF10408A449A54FCDF818810646A1912A
:109F700000931378002B00F05881F95C11F0080170
:109F800002F1010519D06368002B0FDD23681A78F0
:109F9000BA5C120701D42A46EBE7459A0132459292
:109FA00062680133013A62602360ECE7A19B2146BD
:109FB000304698470028E9D0EDE7252B12D0994686
:109FC0006368002B40F39380226813784B4540F080
:109FD0002C816368013B6360459B01320133226041
:109FE0004593D8E74191439153782A2B02BF102320
:109FF000951C41930A22A94619F8011BA1F13003CF
:10A00000092B1ED9DFF8F8A103225046F6F7E0F835
:10A0100038B1419AA0EB0A000123834013434193D6
:10A020004D4615F8013B782B06D8572B10D8252B19
:10A03000C5D057D8002B65D0032347930A234293FA
:10A0400078E0439B02FB0311303943914D46D2E740
:10A05000A3F15802202AEFD801A151F822F000BF45
:10A0600013A1000839A0000839A000086DA100085C
:10A0700039A0000839A0000839A0000839A000085C
:10A0800039A0000839A0000839A0000883A1000801
:10A0900069A10008EBA00008EBA00008EBA00008F5
:10A0A00039A0000825A1000839A0000839A000083F
:10A0B00039A0000839A0000893A100082DA10008CC
:10A0C0000BA1000839A0000839A000088FA10008E2
:10A0D00039A0000869A1000839A0000839A00008CB
:10A0E00013A10008453B022BA6D8052321E0A19B24
:10A0F00021463046984700283FF466AF4498002830
:10A1000040F08B804FF0FF308BE0419A42F020020C
:10A110004192419A42F40072419210226E2B429277
:10A1200002D905E000234293032302E0082342936F
:10A13000042347936368002B39DD419B590604D4FF
:10A1400023681A78BA5C120738D4479B022B47DC85
:10A150006B46224641A9304600F0AEF9012864D092
:10A1600002287FF418AFC9E70A22D7E729464046FC
:10A1700000F032FC419B43F040034193054601232C
:10A18000D7E7419B43F0400341930023D1E70223EB
:10A19000CFE74198C3063FF5FEAE009B459A191DD7
:10A1A00000911B68C0074CBF1A801A60F3E6A19BA0
:10A1B0002146304698470028BFD09FE7459A013294
:10A1C00045926268013A002A626002DD0133236031
:10A1D000B6E7A19B2146304698470028B0D08DE7CE
:10A1E000042B0FDC6B46224641A9304600F0BEF935
:10A1F000B4E700BF9D9E0008139F000883B80008C5
:10A2000016B800080A4B002B3FF4C5AE6B46224639
:10A2100041A93046AFF30080A0E7A3895B063FF574
:10A2200071AF0DF5227DBDE8F0874498F9E700BFD6
:10A23000000000009368013B002B10B4936008DA23
:10A240009469A34201DB0A2903D15DF8044BFEF7B0
:10A25000E8B81368581C1060197008465DF8044B84
:10A260007047F8B506460F461446D518AC4201D1E2
:10A27000002007E014F8011B3A463046FFF7DAFFEA
:10A28000431CF3D1F8BD00002DE9F04F0D469DB001
:10A2900014469846064618B1036A0BB9FDF784FFC9
:10A2A0006B6ED90705D4AB899A0502D4A86DFEF769
:10A2B000CAF9AB891B0701D52B699BB929463046E2
:10A2C000FEF7EEF870B16B6EDC0704D54FF0FF308F
:10A2D0001DB0BDE8F08FAB899805F7D4A86DFEF7E7
:10A2E000B3F9F3E70023099320238DF82930CDF843
:10A2F0000C803023DFF8AC818DF82A304FF0010953
:10A3000023469A4613F8012B0AB1252AF9D1BAEB54
:10A31000040B0BD05B46224629463046FFF7A1FFCF
:10A32000013000F0A780099A5A4409929AF8003047
:10A33000002B00F09F8000234FF0FF32CDE9052372
:10A340000AF1010A049307938DF853301A93544687
:10A35000052214F8011B5348F5F73AFF049AD8B9BF
:10A36000D10644BF20238DF85330130744BF2B235D
:10A370008DF853309AF800302A2B15D0079A54469E
:10A3800000204FF00A0C214611F8013B303B092B0D
:10A390004BD9B0B1079214E0A0EB080309FA03F31C
:10A3A00013430493A246D2E7039B191D1B68039134
:10A3B000002BBBBF5B4242F0020207930793B8BF7A
:10A3C000049223782E2B0AD163782A2B32D1039B57
:10A3D0001A1D1B68039243EAE37302340593DFF806
:10A3E000D4A0217803225046F5F7F2FE38B1049B41
:10A3F000A0EB0A004022824013430134049314F876
:10A40000011B29488DF828100622F5F7E1FE0028E7
:10A410003FD0264B1BBB039B073323F007030833B6
:10A420000393099B3B4409936AE70CFB02320C46F9
:10A430000120A8E700230134059319464FF00A0CC8
:10A44000204610F8012B303A092A03D9002BC6D038
:10A450000591C4E70CFB012104460123F0E703AB9F
:10A4600000932A46124B04A93046FDF759FA0746D5
:10A47000781CD6D16B6ED90705D4AB899A0502D466
:10A48000A86DFEF7E1F8AB895B063FF51FAF0998B1
:10A490001EE703AB00932A46054B04A93046FDF79F
:10A4A000D7FCE4E710B800081AB8000821790008C2
:10A4B00063A2000816B800082DE9F84315468A681B
:10A4C00080460C4632B98A69002A14BF4FF0FF3229
:10A4D00001228A602268DFF89090D1065FBF1A6877
:10A4E000111D196016680027A06988B1012807D1DD
:10A4F0002B681A7863699B5C53B9002F31D022E036
:10A50000022820D12B681B7819F803301B071AD4B6
:10A510002368DA065EBF2B681B7806F8013B2A68C1
:10A520006B6801322A60A268013B013A6B60013717
:10A53000A26042B1002BD7DCD4F8803129464046D6
:10A5400098470028D0D0236813F0100305D1E268A3
:10A550000132E260A26902B1337023693B44236196
:10A560000020BDE8F88300BF83B800082DE9F04F54
:10A570009846744B0C468246164693E8070087B00F
:10A5800003AB83E80700704BA169704A032908BF39
:10A590001A46A36801925A1EB2F5AE7F88BF6FF4C7
:10A5A000AE75274682BF03EB050940F25D13A36039
:10A5B00057F81C3B43F4506398BF4FF000092360E9
:10A5C0003D464FF0000B316803AB097853F82B0080
:10A5D0000222F5F7FDFD28B3BBF1010F59D16268E6
:10A5E0002AB92268082142F4007261602260226860
:10A5F00022F4A0622260A268511EA16092B132686A
:10A60000511C3160127805F8012B7268013A002A5A
:10A61000726007DCD4F8802131465046904700280C
:10A6200040F085800BF1010BBBF1030FCBD16368C8
:10A630000BB90A236360636845496069C91A00F071
:10A64000CBF94FF0000BA3682268002B3DD0316896
:10A65000606991F800C010F80C00002835D0BCF1FA
:10A66000300F24D1100522D50BF1010BB9F1000FE9
:10A6700003D0013309F1FF39A3607368013B002B5C
:10A6800073601BDD336801333360A368013BA36053
:10A69000D9E7BBF1020FAED1226802F4C061B1F577
:10A6A000007FBFD11021616042F48072A2E722F4E2
:10A6B000106222600B7805F8013BDEE7D4F88031A8
:10A6C0003146504698470028DFD02368D9050DD57C
:10A6D000BD4209D915F8011CD4F87C3132465046E8
:10A6E000984705F1FF394D46BD4228D0226812F047
:10A6F000100213D12A706368019E39465046B04754
:10A70000D8F8003021681A1DC8F8002011F0200F79
:10A710001B680FD01860E3680133E3602369ED1B09
:10A720005D442B442361002007B0BDE8F08F4FF05B
:10A73000000BCAE7CA074CBF18801860EBE701207E
:10A74000F2E700BFA0B100084DAD00082DAE000833
:10A7500031B80008B1F90C202DE9F0411607054683
:10A760000C4654D44B68002B02DC0B6C002B48DDEC
:10A77000E66A002E45D0002312F480522F68216A29
:10A780002B6030D0626DA389590705D56368D21A52
:10A79000636B0BB1236CD21A0023E66A216A284648
:10A7A000B047431CA38906D129681D292BD82A4A02
:10A7B0000A41D60727D400226260D90422692260A8
:10A7C00004D5421C01D12B6803B96065616B2F6011
:10A7D000B9B104F14403994202D02846FEF784FD42
:10A7E000002363630DE001232846B0470246501C56
:10A7F000C9D12B68002BC6D01D2B01D0162B1ED122
:10A800002F60002022E043F040031BB21BE00F69E1
:10A81000002FF6D093070E6808BF4B690F6018BF72
:10A820000023A6EB07088B60B8F1000FE9DD216A71
:10A83000A66A43463A462846B047002808DCB4F9E1
:10A840000C3043F04003A3814FF0FF30BDE8F081AE
:10A850000744A8EB0008E7E7FEFFBFDF38B50B6948
:10A8600005460C4613B90025284638BD18B1036AC1
:10A870000BB9FDF799FCB4F90C30002BF3D0626EE4
:10A88000D00704D4990502D4A06DFDF7DCFE28465C
:10A890002146FFF75FFF636EDA070546E4D4A3891C
:10A8A0009B05E1D4A06DFDF7CFFEDDE770B50C464A
:10A8B000B1F90E10002996B015461E460DDAA3898F
:10A8C00013F0800F4FF0000114BF40234FF480635A
:10A8D000002031602B6016B070BD6A4600F00AF9A6
:10A8E0000028ECDB019901F47041A1F500535942B5
:10A8F00059414FF48063EBE78B89F7B59D07064616
:10A900000C4607D504F147032360236101236361EB
:10A9100003B0F0BD01AB6A46FFF7C8FF009F0546D4
:10A9200039463046FEF754FD48B9B4F90C309A0563
:10A93000EED423F0030343F00203A381E2E7A389EB
:10A94000206043F08003A381019BC4E904075BB14D
:10A95000B4F90E10304600F0DFF828B1A38923F0D7
:10A96000030343F00103A381A3891D43A581CFE71E
:10A9700070B50D461446064618B1036A0BB9FDF7CB
:10A9800013FC636ED80705D4A389990502D4A06D82
:10A99000FDF759FEA368013B002BA36005DAA2690D
:10A9A000934212DBEBB20A2B0FD023685A1C2260B1
:10A9B0001D70EDB2636EDA0705D4A3899B0502D43E
:10A9C000A06DFDF741FE284670BD2946224630465F
:10A9D000FDF727FD0546EDE770B50B7804465E2BC5
:10A9E0000BBF4B784A1C8A1C002108BF012101388B
:10A9F00004F1FF0500F8011FA842FBD10BB9501E5E
:10AA000070BD81F00101E1541046024612F8015B6D
:10AA10002D2D05D05D2D16D0002DF1D02B46F2E75F
:10AA200046785D2EFAD0B342F8DC02301A46013285
:10AA30009642A154FBDCF21A013A5D1CB342A8BF56
:10AA40000022AB18E1E71046DAE72DE9F0410C46A9
:10AA5000496B04F1440399421DD14FF48061FEF724
:10AA6000B7FC18B94FF0FF30BDE8F0814FF48063B8
:10AA7000A36394F84630606380F8FF3394F8453060
:10AA800080F8FE3394F8443080F8FD3300F2FD3056
:10AA900020600020E8E7A66B77003A4600F0AEF8A9
:10AAA00005460028DED000EB060801463246404647
:10AAB00000F052F8C4E90D57C4F80080E9E7884275
:10AAC00010B501EB020402D98442234607D8431E85
:10AAD000A14208D011F8012B03F8012FF8E7024436
:10AAE00001468A4200D110BD13F8014D02F8014D14
:10AAF000F7E7000038B5074D002304460846114625
:10AB00002B60F7F725FD431C02D12B6803B12360AE
:10AB100038BD00BF4C16002038B5064D0023044652
:10AB200008462B60F7F724FD431C02D12B6803B1C4
:10AB3000236038BD4C16002038B5064D002304466E
:10AB400008462B60F7F72CFD431C02D12B6803B19C
:10AB5000236038BD4C1600200A44914200F1FF33B7
:10AB600000D1704710B511F8014B03F8014F914225
:10AB7000F9D110BD1FB514461A46094B1B6805468E
:10AB8000D86854B9074B1C46CDE9013400912B46D7
:10AB9000054900F05BF900F06BF9044BF4E700BFE6
:10ABA0003000002081B8000853B8000846B80008FB
:10ABB00070B5A1FB02543CB92946FEF709FC0646D4
:10ABC00028B90026304670BD0C220260F9E72A46FB
:10ABD0002146FDF7BBFCF5E782B001B901A942B1FE
:10ABE0004BB113780B601278101E18BF012002B011
:10ABF00070471046FBE76FF00100F8E72DE9F041E0
:10AC0000804615460C4621B9BDE8F0411146FEF7D5
:10AC1000DFBB2AB9FEF768FB00242046BDE8F081BF
:10AC200000F02DF98542064602D8B5EB500FF4D856
:10AC300029464046FEF7CCFB07460028ECD0B5423B
:10AC40002A46214628BF3246FFF786FF2146404666
:10AC5000FEF74AFB3C46E0E7242B2DE9F047864609
:10AC6000904601D8012B06D1FDF7C2FC16230360E4
:10AC70000020BDE8F08734480D462A4615F8014B00
:10AC8000065D16F00806F8D12D2C2DD12C78012662
:10AC9000951C33F0100209D1302C2AD12A7802F009
:10ACA000DF02582A25D16C781023023506F1004CBA
:10ACB0000CF1FF3C0022BCFBF3F9104603FB19CA60
:10ACC000A4F13007092F1BD83C46A34227DD571CAF
:10ACD00007D0814520D301D1A2451DDB00FB0340F5
:10ACE000012215F8014BEBE72B2C04BF2C78951CA7
:10ACF000CFE7002BDAD1302C0CBF08230A23D5E78D
:10AD0000A4F14107192F01D8373CDEE7A4F1610710
:10AD1000192F04D8573CD8E74FF0FF32E1E7531C16
:10AD200008D12223CEF800306046B8F1000FA0D041
:10AD3000691E06E006B14042B8F1000F99D0002A22
:10AD4000F6D1C8F8001094E783B80008FFF784BF75
:10AD50002DE9F043344E86460D46284615F8014B42
:10AD6000375D17F00807F8D12D2C2FD12C7801274B
:10AD7000851C33F0100009D1302C2CD1287800F03C
:10AD8000DF00582827D16C78102302354FF0FF38A8
:10AD90000026B8FBF3F803FB08F96FEA090930460F
:10ADA000A4F1300CBCF1090F1CD86446A3422ADD83
:10ADB000B6F1FF3F07D0804522D301D1A1451FDB6B
:10ADC00000FB0340012615F8014BE9E72B2C04BFDB
:10ADD0002C78851CCDE7002BD8D1302C0CBF082354
:10ADE0000A23D3E7A4F1410CBCF1190F01D8373C79
:10ADF000DCE7A4F1610CBCF1190F04D8573CD5E78E
:10AE00004FF0FF36DFE7731C06D12223CEF8003067
:10AE1000304632B9BDE8F08307B14042002AF9D08C
:10AE200006B1691E1160F5E783B80008FFF790BF0F
:10AE30000346084641B1FF2A04D98A221A604FF01E
:10AE4000FF3070470A700120704700000EB403B550
:10AE5000014603AB054853F8042B00680193FFF744
:10AE600013FA02B05DF804EB03B070473000002025
:10AE700008B5062000F034F80120F7F735FB51F84B
:10AE8000043C181F002BBCBF0B58C01870471F296B
:10AE900038B505460C4604D9162303604FF0FF3041
:10AEA00038BDC26B12B152F821304BB9284600F0C0
:10AEB00031F8224601462846BDE8384000F018B86F
:10AEC000012B0AD0591C03D1162303600120E7E7A8
:10AED000002142F82410204698470020E0E70000B7
:10AEE000024B01461868FFF7D2BF00BF30000020B8
:10AEF00038B5074D00230446084611462B60F7F786
:10AF0000E3FA431C02D12B6803B1236038BD00BFB4
:10AF10004C160020F7F7D0BAF8B500BFF8BC08BC53
:10AF20009E467047F8B500BFF8BC08BC9E46704707
:10AF30002532780025346878000000004572726F71
:10AF40007221205768696C65204D6F756E74696E4B
:10AF50006720534420436172640D00005344204332
:10AF6000617264204D6F756E746564205375636300
:10AF700065737366756C6C7921200D004C696E6584
:10AF8000206E756D2025640D0A0000004441544177
:10AF90000000000041646472657373206F6666731D
:10AFA00065742069732025780D0A0000416464727D
:10AFB0006573732069732025780D0A0053656374E7
:10AFC0006F72206E756D6265722069732025640D45
:10AFD0000A000000536563746F724F666673657490
:10AFE0002069732025640D0A00000000426173652A
:10AFF00020616464726573732069732025780D0A7B
:10B0000000000000456E64206F662074686520486B
:10B0100045582066696C650D000000004572726F2E
:10B020007221205768696C652050617273696E6780
:10B03000206C696E652025642C204572726F722029
:10B04000436F64653A20282569290D0A0000000035
:10B050004572726F7221205768696C6520556E2D9C
:10B060006D6F756E74696E6720534420436172641E
:10B070000D0000005344204361726420556E2D6D15
:10B080006F756E746564205375636365737366755D
:10B090006C6C7921200D0000000000004170706C84
:10B0A00069636174696F6E2E686578004572726FAE
:10B0B0007221205768696C65204F70656E696E67F4
:10B0C00020284170706C69636174696F6E2E6865C9
:10B0D00078292046696C6520466F7220526561644C
:10B0E0002E2E200D000000004572726F7221205735
:10B0F00068696C65206F70656E696E672066696C43
:10B100006520284170706C69636174696F6E322EBE
:10B110006865782920666F722072656164696E6760
:10B120002E0D000025733A200000000030782530F5
:10B1300032582000506F7765722075702E2E2E21A8
:10B14000212121004A756D7020746F20757365721E
:10B1500020636F64650D0000222A3A3C3E3F7C7FED
:10B16000000000002B2C3B3D5B5D0000EBFE904D92
:10B1700053444F53352E30004E4F204E414D452005
:10B180002020204641543332202020004E4F204EB4
:10B19000414D4520202020464154202020202000E1
:10B1A00033B8000836B8000839B8000800000000BD
:10B1B0000000000001020304060708094355454149
:10B1C0004141414345454549494941414592924F95
:10B1D0004F4F5555594F554F9C4F9E9F41494F5585
:10B1E000A5A5A6A7A8A9AAABACADAEAFB0B1B2B3A6
:10B1F000B4414141B8B9BABBBCBDBEBFC0C1C2C3F6
:10B20000C4C54141C8C9CACBCCCDCECFD1D14545AB
:10B210004549494949D9DADBDCDD49DF4FE14F4F88
:10B220004F4FE6E8E85555555959EEEFF0F1F2F376
:10B23000F4F5F6F7F8F9FAFBFCFDFEFF010305074C
:10B24000090E10121416181C1E000000C700FC0086
:10B25000E900E200E400E000E500E700EA00EB00BE
:10B26000E800EF00EE00EC00C400C500C900E600F5
:10B27000C600F400F600F200FB00F900FF00D60063
:10B28000DC00F800A300D800D7009201E100ED0037
:10B29000F300FA00F100D100AA00BA00BF00AE002E
:10B2A000AC00BD00BC00A100AB00BB009125922505
:10B2B000932502252425C100C200C000A9006325F2
:10B2C000512557255D25A200A500102514253425FC
:10B2D0002C251C2500253C25E300C3005A255425B8
:10B2E00069256625602550256C25A400F000D00056
:10B2F000CA00CB00C8003101CD00CE00CF00182518
:10B300000C2588258425A600CC008025D300DF00ED
:10B31000D400D200F500D500B500FE00DE00DA0052
:10B32000DB00D900FD00DD00AF00B400AD00B100CE
:10B330001720BE00B600A700F700B800B000A800B4
:10B34000B700B900B300B200A025A00061001A0345
:10B35000E0001703F8000703FF0001007801000177
:10B36000300132010601390110014A012E01790133
:10B37000060180014D0043028101820182018401A6
:10B38000840186018701870189018A018B018B0174
:10B390008D018E018F019001910191019301940122
:10B3A000F60196019701980198013D029B019C01CD
:10B3B0009D0120029F01A001A001A201A201A40100
:10B3C000A401A601A701A701A901AA01AB01AC0133
:10B3D000AC01AE01AF01AF01B101B201B301B301E4
:10B3E000B501B501B701B801B801BA01BB01BC0193
:10B3F000BC01BE01F701C001C101C201C301C4010A
:10B40000C501C401C701C801C701CA01CB01CA01F6
:10B41000CD011001DD0101008E01DE011201F301F9
:10B420000300F101F401F401F801280122021201E4
:10B430003A020900652C3B023B023D02662C3F02AA
:10B4400040024102410246020A01530240008101CA
:10B450008601550289018A0158028F015A02900122
:10B460005C025D025E025F0293016102620294016E
:10B470006402650266026702970196016A02622C05
:10B480006C026D026E029C01700271029D017302DA
:10B4900074029F0176027702780279027A027B02B7
:10B4A0007C02642C7E027F02A60181028202A90135
:10B4B0008402850286028702AE014402B101B20114
:10B4C00045028D028E028F0290029102B7017B032A
:10B4D0000300FD03FE03FF03AC030400860388039F
:10B4E00089038A03B1031103C2030200A303A30368
:10B4F000C4030803CC0303008C038E038F03D8031B
:10B500001801F2030A00F903F303F403F503F60349
:10B51000F703F703F903FA03FA0330042003500496
:10B520001007600422018A043601C1040E01CF0411
:10B530000100C004D004440161052604000000009D
:10B540007D1D0100632C001E9601A01E5A01001FE4
:10B550000806101F0606201F0806301F0806401F99
:10B560000606511F0700591F521F5B1F541F5D1F06
:10B57000561F5F1F601F0806701F0E00BA1FBB1FFB
:10B58000C81FC91FCA1FCB1FDA1FDB1FF81FF91FF7
:10B59000EA1FEB1FFA1FFB1F801F0806901F0806FB
:10B5A000A01F0806B01F0400B81FB91FB21FBC1FA0
:10B5B000CC1F0100C31FD01F0206E01F0206E51FBB
:10B5C0000100EC1FF21F0100FC1F4E21010032217F
:10B5D00070211002842101008321D0241A05302C0F
:10B5E0002F04602C0201672C0601752C0201802CAF
:10B5F0006401002D260841FF1A030000494E460051
:10B60000696E66004E414E006E616E00303132331D
:10B6100034353637383941424344454600303132BB
:10B620003334353637383961626364656600496E94
:10B6300066696E697479004E614E005245454E54FC
:10B64000206D616C6C6F6320737563636565646501
:10B6500064002F6275696C642F676E752D746F6F4F
:10B660006C732D666F722D73746D33325F31322EB1
:10B67000332E72656C312E32303234303631322D09
:10B68000313331352F7372632F6E65776C69622F9A
:10B690006E65776C69622F6C6962632F7374646C7A
:10B6A00069622F64746F612E630042616C6C6F631A
:10B6B00020737563636565646564002F6275696CEA
:10B6C000642F676E752D746F6F6C732D666F722D9E
:10B6D00073746D33325F31322E332E72656C312EBE
:10B6E00032303234303631322D313331352F7372BE
:10B6F000632F6E65776C69622F6E65776C69622F58
:10B700006C6962632F7374646C69622F6D7072650B
:10B71000632E630005000000190000007D0000009A
:10B720000080E03779C34143176E05B5B5B893463D
:10B73000F5F93FE9034F384D321D30F94877825A09
:10B740003CBF737FDD4F1575000000000000F03F27
:10B7500000000000000024400000000000005940EC
:10B760000000000000408F40000000000088C3403F
:10B7700000000000006AF8400000000080842E41B4
:10B7800000000000D01263410000000084D7974100
:10B790000000000065CDCD41000000205FA0024206
:10B7A000000000E876483742000000A2941A6D427B
:10B7B000000040E59C30A2420000901EC4BCD6426E
:10B7C00000003426F56B0C430080E03779C3414319
:10B7D00000A0D8855734764300C84E676DC1AB438F
:10B7E000003D9160E458E143408CB5781DAF1544AD
:10B7F00050EFE2D6E41A4B4492D54D06CFF0804488
:10B80000F64AE1C7022DB544B49DD9794378EA449C
:10B81000232D302B2000686C4C0065666745464739
:10B8200000412D46612D663839303132333435369A
:10B83000375D002B2D003030007858004300504F0A
:10B84000534958002E002C2066756E6374696F6E24
:10B850003A2000617373657274696F6E20222573DC
:10B8600022206661696C65643A2066696C652022F5
:10B870002573222C206C696E652025642573257341
:10B880000A000020202020202020202028282828EE
:10B8900028202020202020202020202020202020A0
:10B8A00020202088101010101010101010101010F0
:10B8B0001010100404040404040404040410101000
:10B8C00010101010414141414141010101010101AC
:10B8D000010101010101010101010101010110103A
:10B8E0001010101042424242424202020202020280
:10B8F000020202020202020202020202020210100C
:10B9000010102000000000000000000000000000F7
:10B910000000000000000000000000000000000027
:10B920000000000000000000000000000000000017
:10B930000000000000000000000000000000000007
:10B9400000000000000000000000000000000000F7
:10B9500000000000000000000000000000000000E7
:10B9600000000000000000000000000000000000D7
:10B9700000000000000000000000000000000000C7
:04B9800000000000C3
:08B984004C48FF7F01000000A8
:04B98C00B5010008F9
:04B990009101000819
:10B99400010000000024F400100000000100000079
:10B9A400514400086D44000889440008AF4400086D
:10B9B400D54400080000000003000000101500201A
:10B9C400340000200000000010150020781500202D
:10B9D400E01500200000000000000000000000004E
:10B9E4000000000000000000000000000000000053
:10B9F4000000000000000000000000000000000043
:10BA04000000000000000000000000000000000032
:10BA140043000000000000000000000000000000DF
:10BA24000000000000000000000000000000000012
:10BA340043000000000000000000000000000000BF
:10BA440000000000000000000000000000000000F2
:10BA5400430000000000000000000000000000009F
:10BA640000000000000000000000000000000000D2
:10BA7400430000000000000000000000000000007F
:10BA840000000000000000000000000000000000B2
:10BA9400430000000000000000000000000000005F
:10BAA4000000000000000000000000000000000092
:10BAB400430000000000000000000000000000003F
:10BAC4000000000000000000000000000000000072
:10BAD400430000000000000000000000000000001F
:10BAE4000000000000000000000000000000000052
:10BAF40031AE0008D9AB00080000000082B800088D
:10BB040044B8000881B8000881B8000881B800086A
:10BB140081B8000881B8000881B8000881B800081D
:10BB240081B8000881B80008FFFFFFFFFFFFFFFF97
:10BB3400FFFFFFFFFFFF000001004153434949009D
:10BB440000000000000000000000000000000000F1
:10BB54000000000000000000000041534349490078
:10BB640000000000000000000000000000000000D1
:0CBB7400000000000000000000000000C5
:040000050800263198
:00000001FF
